SET FOREIGN_KEY_CHECKS=0;
INSERT INTO base_node_test.TB_ATTACHED_FILE (ATTACHED_FILE_ID,REG_DT,REG_IP,FILE_NAME,FILE_SIZE,FILE_URL,FILE_UUID,REG_ID) VALUES
	 (1,'2019-01-01 00:00:00.0','1.1.1.1','test.txt',10,'test.txt','015d51c809ba4733b8ed2737999a6596',5),
	 (2,'2019-01-01 00:00:00.0','1.1.1.1','2010년 연차보고서(국문).pdf',10,'2010년 연차보고서(국문).pdf','dbff549170094237a8f1b78ffba86e84',5);
INSERT INTO base_node_test.TB_BOARD (BOARD_ID,APPROVE_DATE,APPROVE_STATUS,CANCEL_DATE,COMMENT_CNT,CONTENT,REG_DT,REG_IP,BOARD_FILE_IDS,LIKE_CNT,MENU_UID,CHG_DT,CHG_IP,REJECT_DATE,BOARD_REPRESENT_IMG,SLUG,STATUS,BOARD_TAG,TITLE,TOP_YN,VIEW_CNT,REG_ID,CATE_ID,CHG_ID) VALUES
	 (1,NULL,'WAITING',NULL,25,'관리자 리스트 타입 내용0','2020-09-29 21:50:31.0','1.1.1.1','[1,2]',1,'f5f2883f9da1413a80b89b056b579a2b','2020-09-29 21:50:31.0','1.1.1.1',NULL,'https://placeimg.com/400/400/any?0',NULL,'OPEN','["태그1","태그2"]','관리자 리스트 타입 제목0',1,0,12,NULL,12),
	 (2,NULL,'WAITING',NULL,0,'관리자 리스트 타입 내용1','2020-09-29 21:50:31.0','1.1.1.1','[1,2]',0,'f5f2883f9da1413a80b89b056b579a2b','2020-09-29 21:50:31.0','1.1.1.1',NULL,'https://placeimg.com/400/400/any?1',NULL,'OPEN','["태그1","태그2"]','관리자 리스트 타입 제목1',1,0,12,NULL,12),
	 (3,NULL,'WAITING',NULL,0,'관리자 리스트 타입 내용2','2020-09-29 21:50:31.0','1.1.1.1','[1,2]',0,'f5f2883f9da1413a80b89b056b579a2b','2020-09-29 21:50:31.0','1.1.1.1',NULL,'https://placeimg.com/400/400/any?2',NULL,'OPEN','["태그1","태그2"]','관리자 리스트 타입 제목2',1,0,12,NULL,12),
	 (4,NULL,'WAITING',NULL,0,'관리자 리스트 타입 내용3','2020-09-29 21:50:31.0','1.1.1.1','[1,2]',0,'f5f2883f9da1413a80b89b056b579a2b','2020-09-29 21:50:31.0','1.1.1.1',NULL,'https://placeimg.com/400/400/any?3',NULL,'OPEN','["태그1","태그2"]','관리자 리스트 타입 제목3',1,0,12,NULL,12),
	 (5,NULL,'WAITING',NULL,0,'관리자 리스트 타입 내용4','2020-09-29 21:50:31.0','1.1.1.1','[1,2]',0,'f5f2883f9da1413a80b89b056b579a2b','2020-09-29 21:50:31.0','1.1.1.1',NULL,'https://placeimg.com/400/400/any?4',NULL,'OPEN','["태그1","태그2"]','관리자 리스트 타입 제목4',1,0,12,NULL,12),
	 (6,NULL,'WAITING',NULL,0,'관리자 리스트 타입 내용5','2020-09-29 21:50:31.0','1.1.1.1','[1,2]',0,'f5f2883f9da1413a80b89b056b579a2b','2020-09-29 21:50:31.0','1.1.1.1',NULL,'https://placeimg.com/400/400/any?5',NULL,'OPEN','["태그1","태그2"]','관리자 리스트 타입 제목5',1,0,12,NULL,12),
	 (7,NULL,'WAITING',NULL,0,'관리자 리스트 타입 내용6','2020-09-29 21:50:31.0','1.1.1.1','[1,2]',0,'f5f2883f9da1413a80b89b056b579a2b','2020-09-29 21:50:31.0','1.1.1.1',NULL,'https://placeimg.com/400/400/any?6',NULL,'OPEN','["태그1","태그2"]','관리자 리스트 타입 제목6',1,0,12,NULL,12),
	 (8,NULL,'WAITING',NULL,0,'관리자 리스트 타입 내용7','2020-09-29 21:50:31.0','1.1.1.1','[1,2]',0,'f5f2883f9da1413a80b89b056b579a2b','2020-09-29 21:50:31.0','1.1.1.1',NULL,'https://placeimg.com/400/400/any?7',NULL,'OPEN','["태그1","태그2"]','관리자 리스트 타입 제목7',1,0,12,NULL,12),
	 (9,NULL,'WAITING',NULL,0,'관리자 리스트 타입 내용8','2020-09-29 21:50:31.0','1.1.1.1','[1,2]',0,'f5f2883f9da1413a80b89b056b579a2b','2020-09-29 21:50:31.0','1.1.1.1',NULL,'https://placeimg.com/400/400/any?8',NULL,'OPEN','["태그1","태그2"]','관리자 리스트 타입 제목8',1,0,12,NULL,12),
	 (10,NULL,'WAITING',NULL,0,'관리자 리스트 타입 내용9','2020-09-29 21:50:31.0','1.1.1.1','[1,2]',0,'f5f2883f9da1413a80b89b056b579a2b','2020-09-29 21:50:31.0','1.1.1.1',NULL,'https://placeimg.com/400/400/any?9',NULL,'OPEN','["태그1","태그2"]','관리자 리스트 타입 제목9',1,1,12,NULL,12),
	 (11,NULL,'WAITING',NULL,0,'관리자 리스트 타입 내용10','2020-09-29 21:50:31.0','1.1.1.1','[1,2]',0,'f5f2883f9da1413a80b89b056b579a2b','2020-09-29 21:50:31.0','1.1.1.1',NULL,'https://placeimg.com/400/400/any?10',NULL,'OPEN','["태그1","태그2"]','관리자 리스트 타입 제목10',1,54,12,NULL,12),
	 (12,NULL,'WAITING',NULL,0,'관리자 리스트 타입 내용11','2020-09-29 21:50:31.0','1.1.1.1','[1,2]',0,'f5f2883f9da1413a80b89b056b579a2b','2020-09-29 21:50:31.0','1.1.1.1',NULL,'https://placeimg.com/400/400/any?11',NULL,'OPEN','["태그1","태그2"]','관리자 리스트 타입 제목11',1,0,12,NULL,12),
	 (13,NULL,'WAITING',NULL,0,'관리자 리스트 타입 내용12','2020-09-29 21:50:32.0','1.1.1.1','[1,2]',0,'f5f2883f9da1413a80b89b056b579a2b','2020-09-29 21:50:32.0','1.1.1.1',NULL,'https://placeimg.com/400/400/any?12',NULL,'OPEN','["태그1","태그2"]','관리자 리스트 타입 제목12',1,0,12,NULL,12),
	 (14,NULL,'WAITING',NULL,0,'관리자 리스트 타입 내용13','2020-09-29 21:50:32.0','1.1.1.1','[1,2]',0,'f5f2883f9da1413a80b89b056b579a2b','2020-09-29 21:50:32.0','1.1.1.1',NULL,'https://placeimg.com/400/400/any?13',NULL,'OPEN','["태그1","태그2"]','관리자 리스트 타입 제목13',1,0,12,NULL,12),
	 (15,NULL,'WAITING',NULL,0,'관리자 리스트 타입 내용14','2020-09-29 21:50:32.0','1.1.1.1','[1,2]',0,'f5f2883f9da1413a80b89b056b579a2b','2020-09-29 21:50:32.0','1.1.1.1',NULL,'https://placeimg.com/400/400/any?14',NULL,'OPEN','["태그1","태그2"]','관리자 리스트 타입 제목14',1,0,12,NULL,12),
	 (16,NULL,'WAITING',NULL,0,'관리자 리스트 타입 내용15','2020-09-29 21:50:32.0','1.1.1.1','[1,2]',0,'f5f2883f9da1413a80b89b056b579a2b','2020-09-29 21:50:32.0','1.1.1.1',NULL,'https://placeimg.com/400/400/any?15',NULL,'OPEN','["태그1","태그2"]','관리자 리스트 타입 제목15',1,0,12,NULL,12),
	 (17,NULL,'WAITING',NULL,0,'관리자 리스트 타입 내용16','2020-09-29 21:50:32.0','1.1.1.1','[1,2]',0,'f5f2883f9da1413a80b89b056b579a2b','2020-09-29 21:50:32.0','1.1.1.1',NULL,'https://placeimg.com/400/400/any?16',NULL,'OPEN','["태그1","태그2"]','관리자 리스트 타입 제목16',1,0,12,NULL,12),
	 (18,NULL,'WAITING',NULL,0,'관리자 리스트 타입 내용17','2020-09-29 21:50:32.0','1.1.1.1','[1,2]',0,'f5f2883f9da1413a80b89b056b579a2b','2020-09-29 21:50:32.0','1.1.1.1',NULL,'https://placeimg.com/400/400/any?17',NULL,'OPEN','["태그1","태그2"]','관리자 리스트 타입 제목17',1,0,12,NULL,12),
	 (19,NULL,'WAITING',NULL,0,'관리자 리스트 타입 내용18','2020-09-29 21:50:32.0','1.1.1.1','[1,2]',0,'f5f2883f9da1413a80b89b056b579a2b','2020-09-29 21:50:32.0','1.1.1.1',NULL,'https://placeimg.com/400/400/any?18',NULL,'OPEN','["태그1","태그2"]','관리자 리스트 타입 제목18',1,0,12,NULL,12),
	 (20,NULL,'WAITING',NULL,0,'관리자 리스트 타입 내용19','2020-09-29 21:50:32.0','1.1.1.1','[1,2]',0,'f5f2883f9da1413a80b89b056b579a2b','2020-09-29 21:50:32.0','1.1.1.1',NULL,'https://placeimg.com/400/400/any?19',NULL,'OPEN','["태그1","태그2"]','관리자 리스트 타입 제목19',1,0,12,NULL,12),
	 (21,NULL,'WAITING',NULL,15,'관리자 블로그 타입 내용0','2020-09-29 21:50:32.0','1.1.1.1','[1,2]',0,'c8e88a6cb7e74237860a70c058576d2d','2020-09-29 21:50:32.0','1.1.1.1',NULL,'https://placeimg.com/400/400/any?0',NULL,'OPEN','["태그1","태그2"]','관리자 블로그 타입 제목0',1,0,12,NULL,12),
	 (22,NULL,'WAITING',NULL,0,'관리자 블로그 타입 내용1','2020-09-29 21:50:32.0','1.1.1.1','[1,2]',0,'c8e88a6cb7e74237860a70c058576d2d','2020-09-29 21:50:32.0','1.1.1.1',NULL,'https://placeimg.com/400/400/any?1',NULL,'OPEN','["태그1","태그2"]','관리자 블로그 타입 제목1',1,0,12,NULL,12),
	 (23,NULL,'WAITING',NULL,0,'관리자 블로그 타입 내용2','2020-09-29 21:50:32.0','1.1.1.1','[1,2]',0,'c8e88a6cb7e74237860a70c058576d2d','2020-09-29 21:50:32.0','1.1.1.1',NULL,'https://placeimg.com/400/400/any?2',NULL,'OPEN','["태그1","태그2"]','관리자 블로그 타입 제목2',1,0,12,NULL,12),
	 (24,NULL,'WAITING',NULL,0,'관리자 블로그 타입 내용3','2020-09-29 21:50:32.0','1.1.1.1','[1,2]',0,'c8e88a6cb7e74237860a70c058576d2d','2020-09-29 21:50:32.0','1.1.1.1',NULL,'https://placeimg.com/400/400/any?3',NULL,'OPEN','["태그1","태그2"]','관리자 블로그 타입 제목3',1,0,12,NULL,12),
	 (25,NULL,'WAITING',NULL,0,'관리자 블로그 타입 내용4','2020-09-29 21:50:32.0','1.1.1.1','[1,2]',0,'c8e88a6cb7e74237860a70c058576d2d','2020-09-29 21:50:32.0','1.1.1.1',NULL,'https://placeimg.com/400/400/any?4',NULL,'OPEN','["태그1","태그2"]','관리자 블로그 타입 제목4',1,0,12,NULL,12),
	 (26,NULL,'WAITING',NULL,0,'관리자 블로그 타입 내용5','2020-09-29 21:50:32.0','1.1.1.1','[1,2]',0,'c8e88a6cb7e74237860a70c058576d2d','2020-09-29 21:50:32.0','1.1.1.1',NULL,'https://placeimg.com/400/400/any?5',NULL,'OPEN','["태그1","태그2"]','관리자 블로그 타입 제목5',1,0,12,NULL,12),
	 (27,NULL,'WAITING',NULL,0,'관리자 블로그 타입 내용6','2020-09-29 21:50:32.0','1.1.1.1','[1,2]',0,'c8e88a6cb7e74237860a70c058576d2d','2020-09-29 21:50:32.0','1.1.1.1',NULL,'https://placeimg.com/400/400/any?6',NULL,'OPEN','["태그1","태그2"]','관리자 블로그 타입 제목6',1,0,12,NULL,12),
	 (28,NULL,'WAITING',NULL,0,'관리자 블로그 타입 내용7','2020-09-29 21:50:32.0','1.1.1.1','[1,2]',0,'c8e88a6cb7e74237860a70c058576d2d','2020-09-29 21:50:32.0','1.1.1.1',NULL,'https://placeimg.com/400/400/any?7',NULL,'OPEN','["태그1","태그2"]','관리자 블로그 타입 제목7',1,0,12,NULL,12),
	 (29,NULL,'WAITING',NULL,0,'관리자 블로그 타입 내용8','2020-09-29 21:50:32.0','1.1.1.1','[1,2]',0,'c8e88a6cb7e74237860a70c058576d2d','2020-09-29 21:50:32.0','1.1.1.1',NULL,'https://placeimg.com/400/400/any?8',NULL,'OPEN','["태그1","태그2"]','관리자 블로그 타입 제목8',1,0,12,NULL,12),
	 (30,NULL,'WAITING',NULL,0,'관리자 블로그 타입 내용9','2020-09-29 21:50:33.0','1.1.1.1','[1,2]',0,'c8e88a6cb7e74237860a70c058576d2d','2020-09-29 21:50:33.0','1.1.1.1',NULL,'https://placeimg.com/400/400/any?9',NULL,'OPEN','["태그1","태그2"]','관리자 블로그 타입 제목9',1,0,12,NULL,12),
	 (31,NULL,'WAITING',NULL,0,'관리자 블로그 타입 내용10','2020-09-29 21:50:33.0','1.1.1.1','[1,2]',0,'c8e88a6cb7e74237860a70c058576d2d','2020-09-29 21:50:33.0','1.1.1.1',NULL,'https://placeimg.com/400/400/any?10',NULL,'OPEN','["태그1","태그2"]','관리자 블로그 타입 제목10',1,0,12,NULL,12),
	 (32,NULL,'WAITING',NULL,0,'관리자 블로그 타입 내용11','2020-09-29 21:50:33.0','1.1.1.1','[1,2]',0,'c8e88a6cb7e74237860a70c058576d2d','2020-09-29 21:50:33.0','1.1.1.1',NULL,'https://placeimg.com/400/400/any?11',NULL,'OPEN','["태그1","태그2"]','관리자 블로그 타입 제목11',1,0,12,NULL,12),
	 (33,NULL,'WAITING',NULL,0,'관리자 블로그 타입 내용12','2020-09-29 21:50:33.0','1.1.1.1','[1,2]',0,'c8e88a6cb7e74237860a70c058576d2d','2020-09-29 21:50:33.0','1.1.1.1',NULL,'https://placeimg.com/400/400/any?12',NULL,'OPEN','["태그1","태그2"]','관리자 블로그 타입 제목12',1,0,12,NULL,12),
	 (34,NULL,'WAITING',NULL,0,'관리자 블로그 타입 내용13','2020-09-29 21:50:33.0','1.1.1.1','[1,2]',0,'c8e88a6cb7e74237860a70c058576d2d','2020-09-29 21:50:33.0','1.1.1.1',NULL,'https://placeimg.com/400/400/any?13',NULL,'OPEN','["태그1","태그2"]','관리자 블로그 타입 제목13',1,0,12,NULL,12),
	 (35,NULL,'WAITING',NULL,0,'관리자 블로그 타입 내용14','2020-09-29 21:50:33.0','1.1.1.1','[1,2]',0,'c8e88a6cb7e74237860a70c058576d2d','2020-09-29 21:50:33.0','1.1.1.1',NULL,'https://placeimg.com/400/400/any?14',NULL,'OPEN','["태그1","태그2"]','관리자 블로그 타입 제목14',1,0,12,NULL,12),
	 (36,NULL,'WAITING',NULL,0,'관리자 블로그 타입 내용15','2020-09-29 21:50:33.0','1.1.1.1','[1,2]',0,'c8e88a6cb7e74237860a70c058576d2d','2020-09-29 21:50:33.0','1.1.1.1',NULL,'https://placeimg.com/400/400/any?15',NULL,'OPEN','["태그1","태그2"]','관리자 블로그 타입 제목15',1,0,12,NULL,12),
	 (37,NULL,'WAITING',NULL,0,'관리자 블로그 타입 내용16','2020-09-29 21:50:33.0','1.1.1.1','[1,2]',0,'c8e88a6cb7e74237860a70c058576d2d','2020-09-29 21:50:33.0','1.1.1.1',NULL,'https://placeimg.com/400/400/any?16',NULL,'OPEN','["태그1","태그2"]','관리자 블로그 타입 제목16',1,0,12,NULL,12),
	 (38,NULL,'WAITING',NULL,0,'관리자 블로그 타입 내용17','2020-09-29 21:50:33.0','1.1.1.1','[1,2]',0,'c8e88a6cb7e74237860a70c058576d2d','2020-09-29 21:50:33.0','1.1.1.1',NULL,'https://placeimg.com/400/400/any?17',NULL,'OPEN','["태그1","태그2"]','관리자 블로그 타입 제목17',1,0,12,NULL,12),
	 (39,NULL,'WAITING',NULL,0,'관리자 블로그 타입 내용18','2020-09-29 21:50:33.0','1.1.1.1','[1,2]',0,'c8e88a6cb7e74237860a70c058576d2d','2020-09-29 21:50:33.0','1.1.1.1',NULL,'https://placeimg.com/400/400/any?18',NULL,'OPEN','["태그1","태그2"]','관리자 블로그 타입 제목18',1,0,12,NULL,12),
	 (40,NULL,'WAITING',NULL,0,'관리자 블로그 타입 내용19','2020-09-29 21:50:33.0','1.1.1.1','[1,2]',0,'c8e88a6cb7e74237860a70c058576d2d','2020-09-29 21:50:33.0','1.1.1.1',NULL,'https://placeimg.com/400/400/any?19',NULL,'OPEN','["태그1","태그2"]','관리자 블로그 타입 제목19',1,0,12,NULL,12),
	 (41,NULL,'WAITING',NULL,0,'관리자 카드 타입 내용0','2020-09-29 21:50:33.0','1.1.1.1','[1,2]',0,'78b4e4d79b254573952ab67e56a85a22','2020-09-29 21:50:33.0','1.1.1.1',NULL,'https://placeimg.com/400/400/any?0',NULL,'OPEN','["태그1","태그2"]','관리자 카드 타입 제목0',1,0,12,NULL,12),
	 (42,NULL,'WAITING',NULL,0,'관리자 카드 타입 내용1','2020-09-29 21:50:33.0','1.1.1.1','[1,2]',0,'78b4e4d79b254573952ab67e56a85a22','2020-09-29 21:50:33.0','1.1.1.1',NULL,'https://placeimg.com/400/400/any?1',NULL,'OPEN','["태그1","태그2"]','관리자 카드 타입 제목1',1,0,12,NULL,12),
	 (43,NULL,'WAITING',NULL,0,'관리자 카드 타입 내용2','2020-09-29 21:50:33.0','1.1.1.1','[1,2]',0,'78b4e4d79b254573952ab67e56a85a22','2020-09-29 21:50:33.0','1.1.1.1',NULL,'https://placeimg.com/400/400/any?2',NULL,'OPEN','["태그1","태그2"]','관리자 카드 타입 제목2',1,0,12,NULL,12),
	 (44,NULL,'WAITING',NULL,0,'관리자 카드 타입 내용3','2020-09-29 21:50:33.0','1.1.1.1','[1,2]',0,'78b4e4d79b254573952ab67e56a85a22','2020-09-29 21:50:33.0','1.1.1.1',NULL,'https://placeimg.com/400/400/any?3',NULL,'OPEN','["태그1","태그2"]','관리자 카드 타입 제목3',1,0,12,NULL,12),
	 (45,NULL,'WAITING',NULL,0,'관리자 카드 타입 내용4','2020-09-29 21:50:33.0','1.1.1.1','[1,2]',0,'78b4e4d79b254573952ab67e56a85a22','2020-09-29 21:50:33.0','1.1.1.1',NULL,'https://placeimg.com/400/400/any?4',NULL,'OPEN','["태그1","태그2"]','관리자 카드 타입 제목4',1,0,12,NULL,12),
	 (46,NULL,'WAITING',NULL,0,'관리자 카드 타입 내용5','2020-09-29 21:50:33.0','1.1.1.1','[1,2]',0,'78b4e4d79b254573952ab67e56a85a22','2020-09-29 21:50:33.0','1.1.1.1',NULL,'https://placeimg.com/400/400/any?5',NULL,'OPEN','["태그1","태그2"]','관리자 카드 타입 제목5',1,0,12,NULL,12),
	 (47,NULL,'WAITING',NULL,0,'관리자 카드 타입 내용6','2020-09-29 21:50:33.0','1.1.1.1','[1,2]',0,'78b4e4d79b254573952ab67e56a85a22','2020-09-29 21:50:33.0','1.1.1.1',NULL,'https://placeimg.com/400/400/any?6',NULL,'OPEN','["태그1","태그2"]','관리자 카드 타입 제목6',1,0,12,NULL,12),
	 (48,NULL,'WAITING',NULL,0,'관리자 카드 타입 내용7','2020-09-29 21:50:33.0','1.1.1.1','[1,2]',0,'78b4e4d79b254573952ab67e56a85a22','2020-09-29 21:50:33.0','1.1.1.1',NULL,'https://placeimg.com/400/400/any?7',NULL,'OPEN','["태그1","태그2"]','관리자 카드 타입 제목7',1,0,12,NULL,12),
	 (49,NULL,'WAITING',NULL,0,'관리자 카드 타입 내용8','2020-09-29 21:50:34.0','1.1.1.1','[1,2]',0,'78b4e4d79b254573952ab67e56a85a22','2020-09-29 21:50:34.0','1.1.1.1',NULL,'https://placeimg.com/400/400/any?8',NULL,'OPEN','["태그1","태그2"]','관리자 카드 타입 제목8',1,0,12,NULL,12),
	 (50,NULL,'WAITING',NULL,0,'관리자 카드 타입 내용9','2020-09-29 21:50:34.0','1.1.1.1','[1,2]',0,'78b4e4d79b254573952ab67e56a85a22','2020-09-29 21:50:34.0','1.1.1.1',NULL,'https://placeimg.com/400/400/any?9',NULL,'OPEN','["태그1","태그2"]','관리자 카드 타입 제목9',1,0,12,NULL,12),
	 (51,NULL,'WAITING',NULL,0,'관리자 카드 타입 내용10','2020-09-29 21:50:34.0','1.1.1.1','[1,2]',0,'78b4e4d79b254573952ab67e56a85a22','2020-09-29 21:50:34.0','1.1.1.1',NULL,'https://placeimg.com/400/400/any?10',NULL,'OPEN','["태그1","태그2"]','관리자 카드 타입 제목10',1,0,12,NULL,12),
	 (52,NULL,'WAITING',NULL,0,'관리자 카드 타입 내용11','2020-09-29 21:50:34.0','1.1.1.1','[1,2]',0,'78b4e4d79b254573952ab67e56a85a22','2020-09-29 21:50:34.0','1.1.1.1',NULL,'https://placeimg.com/400/400/any?11',NULL,'OPEN','["태그1","태그2"]','관리자 카드 타입 제목11',1,0,12,NULL,12),
	 (53,NULL,'WAITING',NULL,0,'관리자 카드 타입 내용12','2020-09-29 21:50:34.0','1.1.1.1','[1,2]',0,'78b4e4d79b254573952ab67e56a85a22','2020-09-29 21:50:34.0','1.1.1.1',NULL,'https://placeimg.com/400/400/any?12',NULL,'OPEN','["태그1","태그2"]','관리자 카드 타입 제목12',1,0,12,NULL,12),
	 (54,NULL,'WAITING',NULL,0,'관리자 카드 타입 내용13','2020-09-29 21:50:34.0','1.1.1.1','[1,2]',0,'78b4e4d79b254573952ab67e56a85a22','2020-09-29 21:50:34.0','1.1.1.1',NULL,'https://placeimg.com/400/400/any?13',NULL,'OPEN','["태그1","태그2"]','관리자 카드 타입 제목13',1,0,12,NULL,12),
	 (55,NULL,'WAITING',NULL,0,'관리자 카드 타입 내용14','2020-09-29 21:50:34.0','1.1.1.1','[1,2]',0,'78b4e4d79b254573952ab67e56a85a22','2020-09-29 21:50:34.0','1.1.1.1',NULL,'https://placeimg.com/400/400/any?14',NULL,'OPEN','["태그1","태그2"]','관리자 카드 타입 제목14',1,0,12,NULL,12),
	 (56,NULL,'WAITING',NULL,0,'관리자 카드 타입 내용15','2020-09-29 21:50:34.0','1.1.1.1','[1,2]',0,'78b4e4d79b254573952ab67e56a85a22','2020-09-29 21:50:34.0','1.1.1.1',NULL,'https://placeimg.com/400/400/any?15',NULL,'OPEN','["태그1","태그2"]','관리자 카드 타입 제목15',1,0,12,NULL,12),
	 (57,NULL,'WAITING',NULL,0,'관리자 카드 타입 내용16','2020-09-29 21:50:34.0','1.1.1.1','[1,2]',0,'78b4e4d79b254573952ab67e56a85a22','2020-09-29 21:50:34.0','1.1.1.1',NULL,'https://placeimg.com/400/400/any?16',NULL,'OPEN','["태그1","태그2"]','관리자 카드 타입 제목16',1,0,12,NULL,12),
	 (58,NULL,'WAITING',NULL,0,'관리자 카드 타입 내용17','2020-09-29 21:50:34.0','1.1.1.1','[1,2]',0,'78b4e4d79b254573952ab67e56a85a22','2020-09-29 21:50:34.0','1.1.1.1',NULL,'https://placeimg.com/400/400/any?17',NULL,'OPEN','["태그1","태그2"]','관리자 카드 타입 제목17',1,0,12,NULL,12),
	 (59,NULL,'WAITING',NULL,0,'관리자 카드 타입 내용18','2020-09-29 21:50:34.0','1.1.1.1','[1,2]',0,'78b4e4d79b254573952ab67e56a85a22','2020-09-29 21:50:34.0','1.1.1.1',NULL,'https://placeimg.com/400/400/any?18',NULL,'OPEN','["태그1","태그2"]','관리자 카드 타입 제목18',1,0,12,NULL,12),
	 (60,NULL,'WAITING',NULL,0,'관리자 카드 타입 내용19','2020-09-29 21:50:34.0','1.1.1.1','[1,2]',0,'78b4e4d79b254573952ab67e56a85a22','2020-09-29 21:50:34.0','1.1.1.1',NULL,'https://placeimg.com/400/400/any?19',NULL,'OPEN','["태그1","태그2"]','관리자 카드 타입 제목19',1,0,12,NULL,12),
	 (61,NULL,'WAITING',NULL,15,'회원 리스트 타입 내용0','2020-09-29 21:50:34.0','1.1.1.1','[1,2]',0,'0806161ec925407497a3b9266e3a7628','2020-09-29 21:50:34.0','1.1.1.1',NULL,'https://placeimg.com/400/400/any?0',NULL,'OPEN','["태그1","태그2"]','회원 리스트 타입 제목0',0,0,4,NULL,4),
	 (62,NULL,'WAITING',NULL,0,'회원 리스트 타입 내용1','2020-09-29 21:50:34.0','1.1.1.1','[1,2]',0,'0806161ec925407497a3b9266e3a7628','2020-09-29 21:50:34.0','1.1.1.1',NULL,'https://placeimg.com/400/400/any?1',NULL,'OPEN','["태그1","태그2"]','회원 리스트 타입 제목1',0,0,4,NULL,4),
	 (63,NULL,'WAITING',NULL,0,'회원 리스트 타입 내용2','2020-09-29 21:50:34.0','1.1.1.1','[1,2]',0,'0806161ec925407497a3b9266e3a7628','2020-09-29 21:50:34.0','1.1.1.1',NULL,'https://placeimg.com/400/400/any?2',NULL,'OPEN','["태그1","태그2"]','회원 리스트 타입 제목2',0,0,4,NULL,4),
	 (64,NULL,'WAITING',NULL,0,'회원 리스트 타입 내용3','2020-09-29 21:50:34.0','1.1.1.1','[1,2]',0,'0806161ec925407497a3b9266e3a7628','2020-09-29 21:50:34.0','1.1.1.1',NULL,'https://placeimg.com/400/400/any?3',NULL,'OPEN','["태그1","태그2"]','회원 리스트 타입 제목3',0,0,4,NULL,4),
	 (65,NULL,'WAITING',NULL,0,'회원 리스트 타입 내용4','2020-09-29 21:50:34.0','1.1.1.1','[1,2]',0,'0806161ec925407497a3b9266e3a7628','2020-09-29 21:50:34.0','1.1.1.1',NULL,'https://placeimg.com/400/400/any?4',NULL,'OPEN','["태그1","태그2"]','회원 리스트 타입 제목4',0,0,4,NULL,4),
	 (66,NULL,'WAITING',NULL,0,'회원 리스트 타입 내용5','2020-09-29 21:50:34.0','1.1.1.1','[1,2]',0,'0806161ec925407497a3b9266e3a7628','2020-09-29 21:50:34.0','1.1.1.1',NULL,'https://placeimg.com/400/400/any?5',NULL,'OPEN','["태그1","태그2"]','회원 리스트 타입 제목5',0,0,4,NULL,4),
	 (67,NULL,'WAITING',NULL,0,'회원 리스트 타입 내용6','2020-09-29 21:50:34.0','1.1.1.1','[1,2]',0,'0806161ec925407497a3b9266e3a7628','2020-09-29 21:50:34.0','1.1.1.1',NULL,'https://placeimg.com/400/400/any?6',NULL,'OPEN','["태그1","태그2"]','회원 리스트 타입 제목6',0,0,4,NULL,4),
	 (68,NULL,'WAITING',NULL,0,'회원 리스트 타입 내용7','2020-09-29 21:50:34.0','1.1.1.1','[1,2]',0,'0806161ec925407497a3b9266e3a7628','2020-09-29 21:50:34.0','1.1.1.1',NULL,'https://placeimg.com/400/400/any?7',NULL,'OPEN','["태그1","태그2"]','회원 리스트 타입 제목7',0,0,4,NULL,4),
	 (69,NULL,'WAITING',NULL,0,'회원 리스트 타입 내용8','2020-09-29 21:50:34.0','1.1.1.1','[1,2]',0,'0806161ec925407497a3b9266e3a7628','2020-09-29 21:50:34.0','1.1.1.1',NULL,'https://placeimg.com/400/400/any?8',NULL,'OPEN','["태그1","태그2"]','회원 리스트 타입 제목8',0,0,4,NULL,4),
	 (70,NULL,'WAITING',NULL,0,'회원 리스트 타입 내용9','2020-09-29 21:50:34.0','1.1.1.1','[1,2]',0,'0806161ec925407497a3b9266e3a7628','2020-09-29 21:50:34.0','1.1.1.1',NULL,'https://placeimg.com/400/400/any?9',NULL,'OPEN','["태그1","태그2"]','회원 리스트 타입 제목9',0,0,4,NULL,4),
	 (71,NULL,'WAITING',NULL,0,'회원 리스트 타입 내용10','2020-09-29 21:50:34.0','1.1.1.1','[1,2]',0,'0806161ec925407497a3b9266e3a7628','2020-09-29 21:50:34.0','1.1.1.1',NULL,'https://placeimg.com/400/400/any?10',NULL,'OPEN','["태그1","태그2"]','회원 리스트 타입 제목10',0,0,4,NULL,4),
	 (72,NULL,'WAITING',NULL,0,'회원 리스트 타입 내용11','2020-09-29 21:50:34.0','1.1.1.1','[1,2]',0,'0806161ec925407497a3b9266e3a7628','2020-09-29 21:50:34.0','1.1.1.1',NULL,'https://placeimg.com/400/400/any?11',NULL,'OPEN','["태그1","태그2"]','회원 리스트 타입 제목11',0,0,4,NULL,4),
	 (73,NULL,'WAITING',NULL,0,'회원 리스트 타입 내용12','2020-09-29 21:50:34.0','1.1.1.1','[1,2]',0,'0806161ec925407497a3b9266e3a7628','2020-09-29 21:50:34.0','1.1.1.1',NULL,'https://placeimg.com/400/400/any?12',NULL,'OPEN','["태그1","태그2"]','회원 리스트 타입 제목12',0,0,4,NULL,4),
	 (74,NULL,'WAITING',NULL,0,'회원 리스트 타입 내용13','2020-09-29 21:50:34.0','1.1.1.1','[1,2]',0,'0806161ec925407497a3b9266e3a7628','2020-09-29 21:50:34.0','1.1.1.1',NULL,'https://placeimg.com/400/400/any?13',NULL,'OPEN','["태그1","태그2"]','회원 리스트 타입 제목13',0,0,4,NULL,4),
	 (75,NULL,'WAITING',NULL,0,'회원 리스트 타입 내용14','2020-09-29 21:50:35.0','1.1.1.1','[1,2]',0,'0806161ec925407497a3b9266e3a7628','2020-09-29 21:50:35.0','1.1.1.1',NULL,'https://placeimg.com/400/400/any?14',NULL,'OPEN','["태그1","태그2"]','회원 리스트 타입 제목14',0,0,4,NULL,4),
	 (76,NULL,'WAITING',NULL,0,'회원 리스트 타입 내용15','2020-09-29 21:50:35.0','1.1.1.1','[1,2]',0,'0806161ec925407497a3b9266e3a7628','2020-09-29 21:50:35.0','1.1.1.1',NULL,'https://placeimg.com/400/400/any?15',NULL,'OPEN','["태그1","태그2"]','회원 리스트 타입 제목15',0,0,4,NULL,4),
	 (77,NULL,'WAITING',NULL,0,'회원 리스트 타입 내용16','2020-09-29 21:50:35.0','1.1.1.1','[1,2]',0,'0806161ec925407497a3b9266e3a7628','2020-09-29 21:50:35.0','1.1.1.1',NULL,'https://placeimg.com/400/400/any?16',NULL,'OPEN','["태그1","태그2"]','회원 리스트 타입 제목16',0,0,4,NULL,4),
	 (78,NULL,'WAITING',NULL,0,'회원 리스트 타입 내용17','2020-09-29 21:50:35.0','1.1.1.1','[1,2]',0,'0806161ec925407497a3b9266e3a7628','2020-09-29 21:50:35.0','1.1.1.1',NULL,'https://placeimg.com/400/400/any?17',NULL,'OPEN','["태그1","태그2"]','회원 리스트 타입 제목17',0,0,4,NULL,4),
	 (79,NULL,'WAITING',NULL,0,'회원 리스트 타입 내용18','2020-09-29 21:50:35.0','1.1.1.1','[1,2]',0,'0806161ec925407497a3b9266e3a7628','2020-09-29 21:50:35.0','1.1.1.1',NULL,'https://placeimg.com/400/400/any?18',NULL,'OPEN','["태그1","태그2"]','회원 리스트 타입 제목18',0,0,4,NULL,4),
	 (80,NULL,'WAITING',NULL,0,'회원 리스트 타입 내용19','2020-09-29 21:50:35.0','1.1.1.1','[1,2]',0,'0806161ec925407497a3b9266e3a7628','2020-09-29 21:50:35.0','1.1.1.1',NULL,'https://placeimg.com/400/400/any?19',NULL,'OPEN','["태그1","태그2"]','회원 리스트 타입 제목19',0,0,4,NULL,4),
	 (81,NULL,'WAITING',NULL,15,'회원 블로그 타입 내용0','2020-09-29 21:50:35.0','1.1.1.1','[1,2]',0,'c3f3f906870943d2a6b67996965468af','2020-09-29 21:50:35.0','1.1.1.1',NULL,'https://placeimg.com/400/400/any?0',NULL,'OPEN','["태그1","태그2"]','회원 블로그 타입 제목0',0,0,4,NULL,4),
	 (82,NULL,'WAITING',NULL,0,'회원 블로그 타입 내용1','2020-09-29 21:50:35.0','1.1.1.1','[1,2]',0,'c3f3f906870943d2a6b67996965468af','2020-09-29 21:50:35.0','1.1.1.1',NULL,'https://placeimg.com/400/400/any?1',NULL,'OPEN','["태그1","태그2"]','회원 블로그 타입 제목1',0,0,4,NULL,4),
	 (83,NULL,'WAITING',NULL,0,'회원 블로그 타입 내용2','2020-09-29 21:50:35.0','1.1.1.1','[1,2]',0,'c3f3f906870943d2a6b67996965468af','2020-09-29 21:50:35.0','1.1.1.1',NULL,'https://placeimg.com/400/400/any?2',NULL,'OPEN','["태그1","태그2"]','회원 블로그 타입 제목2',0,0,4,NULL,4),
	 (84,NULL,'WAITING',NULL,0,'회원 블로그 타입 내용3','2020-09-29 21:50:35.0','1.1.1.1','[1,2]',0,'c3f3f906870943d2a6b67996965468af','2020-09-29 21:50:35.0','1.1.1.1',NULL,'https://placeimg.com/400/400/any?3',NULL,'OPEN','["태그1","태그2"]','회원 블로그 타입 제목3',0,0,4,NULL,4),
	 (85,NULL,'WAITING',NULL,0,'회원 블로그 타입 내용4','2020-09-29 21:50:35.0','1.1.1.1','[1,2]',0,'c3f3f906870943d2a6b67996965468af','2020-09-29 21:50:35.0','1.1.1.1',NULL,'https://placeimg.com/400/400/any?4',NULL,'OPEN','["태그1","태그2"]','회원 블로그 타입 제목4',0,0,4,NULL,4),
	 (86,NULL,'WAITING',NULL,0,'회원 블로그 타입 내용5','2020-09-29 21:50:35.0','1.1.1.1','[1,2]',0,'c3f3f906870943d2a6b67996965468af','2020-09-29 21:50:35.0','1.1.1.1',NULL,'https://placeimg.com/400/400/any?5',NULL,'OPEN','["태그1","태그2"]','회원 블로그 타입 제목5',0,0,4,NULL,4),
	 (87,NULL,'WAITING',NULL,0,'회원 블로그 타입 내용6','2020-09-29 21:50:35.0','1.1.1.1','[1,2]',0,'c3f3f906870943d2a6b67996965468af','2020-09-29 21:50:35.0','1.1.1.1',NULL,'https://placeimg.com/400/400/any?6',NULL,'OPEN','["태그1","태그2"]','회원 블로그 타입 제목6',0,0,4,NULL,4),
	 (88,NULL,'WAITING',NULL,0,'회원 블로그 타입 내용7','2020-09-29 21:50:35.0','1.1.1.1','[1,2]',0,'c3f3f906870943d2a6b67996965468af','2020-09-29 21:50:35.0','1.1.1.1',NULL,'https://placeimg.com/400/400/any?7',NULL,'OPEN','["태그1","태그2"]','회원 블로그 타입 제목7',0,0,4,NULL,4),
	 (89,NULL,'WAITING',NULL,0,'회원 블로그 타입 내용8','2020-09-29 21:50:35.0','1.1.1.1','[1,2]',0,'c3f3f906870943d2a6b67996965468af','2020-09-29 21:50:35.0','1.1.1.1',NULL,'https://placeimg.com/400/400/any?8',NULL,'OPEN','["태그1","태그2"]','회원 블로그 타입 제목8',0,0,4,NULL,4),
	 (90,NULL,'WAITING',NULL,0,'회원 블로그 타입 내용9','2020-09-29 21:50:35.0','1.1.1.1','[1,2]',0,'c3f3f906870943d2a6b67996965468af','2020-09-29 21:50:35.0','1.1.1.1',NULL,'https://placeimg.com/400/400/any?9',NULL,'OPEN','["태그1","태그2"]','회원 블로그 타입 제목9',0,0,4,NULL,4),
	 (91,NULL,'WAITING',NULL,0,'회원 블로그 타입 내용10','2020-09-29 21:50:35.0','1.1.1.1','[1,2]',0,'c3f3f906870943d2a6b67996965468af','2020-09-29 21:50:35.0','1.1.1.1',NULL,'https://placeimg.com/400/400/any?10',NULL,'OPEN','["태그1","태그2"]','회원 블로그 타입 제목10',0,0,4,NULL,4),
	 (92,NULL,'WAITING',NULL,0,'회원 블로그 타입 내용11','2020-09-29 21:50:35.0','1.1.1.1','[1,2]',0,'c3f3f906870943d2a6b67996965468af','2020-09-29 21:50:35.0','1.1.1.1',NULL,'https://placeimg.com/400/400/any?11',NULL,'OPEN','["태그1","태그2"]','회원 블로그 타입 제목11',0,0,4,NULL,4),
	 (93,NULL,'WAITING',NULL,0,'회원 블로그 타입 내용12','2020-09-29 21:50:35.0','1.1.1.1','[1,2]',0,'c3f3f906870943d2a6b67996965468af','2020-09-29 21:50:35.0','1.1.1.1',NULL,'https://placeimg.com/400/400/any?12',NULL,'OPEN','["태그1","태그2"]','회원 블로그 타입 제목12',0,0,4,NULL,4),
	 (94,NULL,'WAITING',NULL,0,'회원 블로그 타입 내용13','2020-09-29 21:50:35.0','1.1.1.1','[1,2]',0,'c3f3f906870943d2a6b67996965468af','2020-09-29 21:50:35.0','1.1.1.1',NULL,'https://placeimg.com/400/400/any?13',NULL,'OPEN','["태그1","태그2"]','회원 블로그 타입 제목13',0,0,4,NULL,4),
	 (95,NULL,'WAITING',NULL,0,'회원 블로그 타입 내용14','2020-09-29 21:50:35.0','1.1.1.1','[1,2]',0,'c3f3f906870943d2a6b67996965468af','2020-09-29 21:50:35.0','1.1.1.1',NULL,'https://placeimg.com/400/400/any?14',NULL,'OPEN','["태그1","태그2"]','회원 블로그 타입 제목14',0,0,4,NULL,4),
	 (96,NULL,'WAITING',NULL,0,'회원 블로그 타입 내용15','2020-09-29 21:50:35.0','1.1.1.1','[1,2]',0,'c3f3f906870943d2a6b67996965468af','2020-09-29 21:50:35.0','1.1.1.1',NULL,'https://placeimg.com/400/400/any?15',NULL,'OPEN','["태그1","태그2"]','회원 블로그 타입 제목15',0,0,4,NULL,4),
	 (97,NULL,'WAITING',NULL,0,'회원 블로그 타입 내용16','2020-09-29 21:50:35.0','1.1.1.1','[1,2]',0,'c3f3f906870943d2a6b67996965468af','2020-09-29 21:50:35.0','1.1.1.1',NULL,'https://placeimg.com/400/400/any?16',NULL,'OPEN','["태그1","태그2"]','회원 블로그 타입 제목16',0,0,4,NULL,4),
	 (98,NULL,'WAITING',NULL,0,'회원 블로그 타입 내용17','2020-09-29 21:50:35.0','1.1.1.1','[1,2]',0,'c3f3f906870943d2a6b67996965468af','2020-09-29 21:50:35.0','1.1.1.1',NULL,'https://placeimg.com/400/400/any?17',NULL,'OPEN','["태그1","태그2"]','회원 블로그 타입 제목17',0,0,4,NULL,4),
	 (99,NULL,'WAITING',NULL,0,'회원 블로그 타입 내용18','2020-09-29 21:50:35.0','1.1.1.1','[1,2]',0,'c3f3f906870943d2a6b67996965468af','2020-09-29 21:50:35.0','1.1.1.1',NULL,'https://placeimg.com/400/400/any?18',NULL,'OPEN','["태그1","태그2"]','회원 블로그 타입 제목18',0,0,4,NULL,4),
	 (100,NULL,'WAITING',NULL,0,'회원 블로그 타입 내용19','2020-09-29 21:50:35.0','1.1.1.1','[1,2]',0,'c3f3f906870943d2a6b67996965468af','2020-09-29 21:50:35.0','1.1.1.1',NULL,'https://placeimg.com/400/400/any?19',NULL,'OPEN','["태그1","태그2"]','회원 블로그 타입 제목19',0,0,4,NULL,4),
	 (101,NULL,'WAITING',NULL,0,'회원 카드 타입 내용0','2020-09-29 21:50:35.0','1.1.1.1','[1,2]',0,'650f0ed355b34661bdc8f19d9ecedeae','2020-09-29 21:50:35.0','1.1.1.1',NULL,'https://placeimg.com/400/400/any?0',NULL,'OPEN','["태그1","태그2"]','회원 카드 타입 제목0',0,0,4,NULL,4),
	 (102,NULL,'WAITING',NULL,0,'회원 카드 타입 내용1','2020-09-29 21:50:35.0','1.1.1.1','[1,2]',0,'650f0ed355b34661bdc8f19d9ecedeae','2020-09-29 21:50:35.0','1.1.1.1',NULL,'https://placeimg.com/400/400/any?1',NULL,'OPEN','["태그1","태그2"]','회원 카드 타입 제목1',0,0,4,NULL,4),
	 (103,NULL,'WAITING',NULL,0,'회원 카드 타입 내용2','2020-09-29 21:50:35.0','1.1.1.1','[1,2]',0,'650f0ed355b34661bdc8f19d9ecedeae','2020-09-29 21:50:35.0','1.1.1.1',NULL,'https://placeimg.com/400/400/any?2',NULL,'OPEN','["태그1","태그2"]','회원 카드 타입 제목2',0,0,4,NULL,4),
	 (104,NULL,'WAITING',NULL,0,'회원 카드 타입 내용3','2020-09-29 21:50:35.0','1.1.1.1','[1,2]',0,'650f0ed355b34661bdc8f19d9ecedeae','2020-09-29 21:50:35.0','1.1.1.1',NULL,'https://placeimg.com/400/400/any?3',NULL,'OPEN','["태그1","태그2"]','회원 카드 타입 제목3',0,0,4,NULL,4),
	 (105,NULL,'WAITING',NULL,0,'회원 카드 타입 내용4','2020-09-29 21:50:36.0','1.1.1.1','[1,2]',0,'650f0ed355b34661bdc8f19d9ecedeae','2020-09-29 21:50:36.0','1.1.1.1',NULL,'https://placeimg.com/400/400/any?4',NULL,'OPEN','["태그1","태그2"]','회원 카드 타입 제목4',0,0,4,NULL,4),
	 (106,NULL,'WAITING',NULL,0,'회원 카드 타입 내용5','2020-09-29 21:50:36.0','1.1.1.1','[1,2]',0,'650f0ed355b34661bdc8f19d9ecedeae','2020-09-29 21:50:36.0','1.1.1.1',NULL,'https://placeimg.com/400/400/any?5',NULL,'OPEN','["태그1","태그2"]','회원 카드 타입 제목5',0,0,4,NULL,4),
	 (107,NULL,'WAITING',NULL,0,'회원 카드 타입 내용6','2020-09-29 21:50:36.0','1.1.1.1','[1,2]',0,'650f0ed355b34661bdc8f19d9ecedeae','2020-09-29 21:50:36.0','1.1.1.1',NULL,'https://placeimg.com/400/400/any?6',NULL,'OPEN','["태그1","태그2"]','회원 카드 타입 제목6',0,0,4,NULL,4),
	 (108,NULL,'WAITING',NULL,0,'회원 카드 타입 내용7','2020-09-29 21:50:36.0','1.1.1.1','[1,2]',0,'650f0ed355b34661bdc8f19d9ecedeae','2020-09-29 21:50:36.0','1.1.1.1',NULL,'https://placeimg.com/400/400/any?7',NULL,'OPEN','["태그1","태그2"]','회원 카드 타입 제목7',0,0,4,NULL,4),
	 (109,NULL,'WAITING',NULL,0,'회원 카드 타입 내용8','2020-09-29 21:50:36.0','1.1.1.1','[1,2]',0,'650f0ed355b34661bdc8f19d9ecedeae','2020-09-29 21:50:36.0','1.1.1.1',NULL,'https://placeimg.com/400/400/any?8',NULL,'OPEN','["태그1","태그2"]','회원 카드 타입 제목8',0,0,4,NULL,4),
	 (110,NULL,'WAITING',NULL,0,'회원 카드 타입 내용9','2020-09-29 21:50:36.0','1.1.1.1','[1,2]',0,'650f0ed355b34661bdc8f19d9ecedeae','2020-09-29 21:50:36.0','1.1.1.1',NULL,'https://placeimg.com/400/400/any?9',NULL,'OPEN','["태그1","태그2"]','회원 카드 타입 제목9',0,0,4,NULL,4),
	 (111,NULL,'WAITING',NULL,0,'회원 카드 타입 내용10','2020-09-29 21:50:36.0','1.1.1.1','[1,2]',0,'650f0ed355b34661bdc8f19d9ecedeae','2020-09-29 21:50:36.0','1.1.1.1',NULL,'https://placeimg.com/400/400/any?10',NULL,'OPEN','["태그1","태그2"]','회원 카드 타입 제목10',0,0,4,NULL,4),
	 (112,NULL,'WAITING',NULL,0,'회원 카드 타입 내용11','2020-09-29 21:50:36.0','1.1.1.1','[1,2]',0,'650f0ed355b34661bdc8f19d9ecedeae','2020-09-29 21:50:36.0','1.1.1.1',NULL,'https://placeimg.com/400/400/any?11',NULL,'OPEN','["태그1","태그2"]','회원 카드 타입 제목11',0,0,4,NULL,4),
	 (113,NULL,'WAITING',NULL,0,'회원 카드 타입 내용12','2020-09-29 21:50:36.0','1.1.1.1','[1,2]',0,'650f0ed355b34661bdc8f19d9ecedeae','2020-09-29 21:50:36.0','1.1.1.1',NULL,'https://placeimg.com/400/400/any?12',NULL,'OPEN','["태그1","태그2"]','회원 카드 타입 제목12',0,0,4,NULL,4),
	 (114,NULL,'WAITING',NULL,0,'회원 카드 타입 내용13','2020-09-29 21:50:36.0','1.1.1.1','[1,2]',0,'650f0ed355b34661bdc8f19d9ecedeae','2020-09-29 21:50:36.0','1.1.1.1',NULL,'https://placeimg.com/400/400/any?13',NULL,'OPEN','["태그1","태그2"]','회원 카드 타입 제목13',0,0,4,NULL,4),
	 (115,NULL,'WAITING',NULL,0,'회원 카드 타입 내용14','2020-09-29 21:50:36.0','1.1.1.1','[1,2]',0,'650f0ed355b34661bdc8f19d9ecedeae','2020-09-29 21:50:36.0','1.1.1.1',NULL,'https://placeimg.com/400/400/any?14',NULL,'OPEN','["태그1","태그2"]','회원 카드 타입 제목14',0,0,4,NULL,4),
	 (116,NULL,'WAITING',NULL,0,'회원 카드 타입 내용15','2020-09-29 21:50:36.0','1.1.1.1','[1,2]',0,'650f0ed355b34661bdc8f19d9ecedeae','2020-09-29 21:50:36.0','1.1.1.1',NULL,'https://placeimg.com/400/400/any?15',NULL,'OPEN','["태그1","태그2"]','회원 카드 타입 제목15',0,0,4,NULL,4),
	 (117,NULL,'WAITING',NULL,0,'회원 카드 타입 내용16','2020-09-29 21:50:36.0','1.1.1.1','[1,2]',0,'650f0ed355b34661bdc8f19d9ecedeae','2020-09-29 21:50:36.0','1.1.1.1',NULL,'https://placeimg.com/400/400/any?16',NULL,'OPEN','["태그1","태그2"]','회원 카드 타입 제목16',0,0,4,NULL,4),
	 (118,NULL,'WAITING',NULL,0,'회원 카드 타입 내용17','2020-09-29 21:50:36.0','1.1.1.1','[1,2]',0,'650f0ed355b34661bdc8f19d9ecedeae','2020-09-29 21:50:36.0','1.1.1.1',NULL,'https://placeimg.com/400/400/any?17',NULL,'OPEN','["태그1","태그2"]','회원 카드 타입 제목17',0,0,4,NULL,4),
	 (119,NULL,'WAITING',NULL,0,'회원 카드 타입 내용18','2020-09-29 21:50:36.0','1.1.1.1','[1,2]',0,'650f0ed355b34661bdc8f19d9ecedeae','2020-09-29 21:50:36.0','1.1.1.1',NULL,'https://placeimg.com/400/400/any?18',NULL,'OPEN','["태그1","태그2"]','회원 카드 타입 제목18',0,0,4,NULL,4),
	 (120,NULL,'WAITING',NULL,0,'회원 카드 타입 내용19','2020-09-29 21:50:36.0','1.1.1.1','[1,2]',0,'650f0ed355b34661bdc8f19d9ecedeae','2020-09-29 21:50:36.0','1.1.1.1',NULL,'https://placeimg.com/400/400/any?19',NULL,'OPEN','["태그1","태그2"]','회원 카드 타입 제목19',0,0,4,NULL,4),
	 (121,NULL,'WAITING',NULL,15,'승인 리스트 타입 내용0','2020-09-29 21:50:36.0','1.1.1.1','[1,2]',0,'4d6877231ba64b9597a1971ebae66694','2020-09-29 21:50:36.0','1.1.1.1',NULL,'https://placeimg.com/400/400/any?0',NULL,'OPEN','["태그1","태그2"]','승인 리스트 타입 제목0',0,0,4,NULL,4),
	 (122,NULL,'WAITING',NULL,0,'승인 리스트 타입 내용1','2020-09-29 21:50:36.0','1.1.1.1','[1,2]',0,'4d6877231ba64b9597a1971ebae66694','2020-09-29 21:50:36.0','1.1.1.1',NULL,'https://placeimg.com/400/400/any?1',NULL,'OPEN','["태그1","태그2"]','승인 리스트 타입 제목1',0,0,4,NULL,4),
	 (123,NULL,'WAITING',NULL,0,'승인 리스트 타입 내용2','2020-09-29 21:50:36.0','1.1.1.1','[1,2]',0,'4d6877231ba64b9597a1971ebae66694','2020-09-29 21:50:36.0','1.1.1.1',NULL,'https://placeimg.com/400/400/any?2',NULL,'OPEN','["태그1","태그2"]','승인 리스트 타입 제목2',0,0,4,NULL,4),
	 (124,NULL,'WAITING',NULL,0,'승인 리스트 타입 내용3','2020-09-29 21:50:36.0','1.1.1.1','[1,2]',0,'4d6877231ba64b9597a1971ebae66694','2020-09-29 21:50:36.0','1.1.1.1',NULL,'https://placeimg.com/400/400/any?3',NULL,'OPEN','["태그1","태그2"]','승인 리스트 타입 제목3',0,0,4,NULL,4),
	 (125,NULL,'WAITING',NULL,0,'승인 리스트 타입 내용4','2020-09-29 21:50:36.0','1.1.1.1','[1,2]',0,'4d6877231ba64b9597a1971ebae66694','2020-09-29 21:50:36.0','1.1.1.1',NULL,'https://placeimg.com/400/400/any?4',NULL,'OPEN','["태그1","태그2"]','승인 리스트 타입 제목4',0,0,4,NULL,4),
	 (126,NULL,'WAITING',NULL,0,'승인 리스트 타입 내용5','2020-09-29 21:50:36.0','1.1.1.1','[1,2]',0,'4d6877231ba64b9597a1971ebae66694','2020-09-29 21:50:36.0','1.1.1.1',NULL,'https://placeimg.com/400/400/any?5',NULL,'OPEN','["태그1","태그2"]','승인 리스트 타입 제목5',0,0,4,NULL,4),
	 (127,NULL,'WAITING',NULL,0,'승인 리스트 타입 내용6','2020-09-29 21:50:36.0','1.1.1.1','[1,2]',0,'4d6877231ba64b9597a1971ebae66694','2020-09-29 21:50:36.0','1.1.1.1',NULL,'https://placeimg.com/400/400/any?6',NULL,'OPEN','["태그1","태그2"]','승인 리스트 타입 제목6',0,0,4,NULL,4),
	 (128,NULL,'WAITING',NULL,0,'승인 리스트 타입 내용7','2020-09-29 21:50:36.0','1.1.1.1','[1,2]',0,'4d6877231ba64b9597a1971ebae66694','2020-09-29 21:50:36.0','1.1.1.1',NULL,'https://placeimg.com/400/400/any?7',NULL,'OPEN','["태그1","태그2"]','승인 리스트 타입 제목7',0,0,4,NULL,4),
	 (129,NULL,'WAITING',NULL,0,'승인 리스트 타입 내용8','2020-09-29 21:50:36.0','1.1.1.1','[1,2]',0,'4d6877231ba64b9597a1971ebae66694','2020-09-29 21:50:36.0','1.1.1.1',NULL,'https://placeimg.com/400/400/any?8',NULL,'OPEN','["태그1","태그2"]','승인 리스트 타입 제목8',0,0,4,NULL,4),
	 (130,NULL,'WAITING',NULL,0,'승인 리스트 타입 내용9','2020-09-29 21:50:36.0','1.1.1.1','[1,2]',0,'4d6877231ba64b9597a1971ebae66694','2020-09-29 21:50:36.0','1.1.1.1',NULL,'https://placeimg.com/400/400/any?9',NULL,'OPEN','["태그1","태그2"]','승인 리스트 타입 제목9',0,0,4,NULL,4),
	 (131,NULL,'WAITING',NULL,0,'승인 리스트 타입 내용10','2020-09-29 21:50:36.0','1.1.1.1','[1,2]',0,'4d6877231ba64b9597a1971ebae66694','2020-09-29 21:50:36.0','1.1.1.1',NULL,'https://placeimg.com/400/400/any?10',NULL,'OPEN','["태그1","태그2"]','승인 리스트 타입 제목10',0,0,4,NULL,4),
	 (132,NULL,'WAITING',NULL,0,'승인 리스트 타입 내용11','2020-09-29 21:50:36.0','1.1.1.1','[1,2]',0,'4d6877231ba64b9597a1971ebae66694','2020-09-29 21:50:36.0','1.1.1.1',NULL,'https://placeimg.com/400/400/any?11',NULL,'OPEN','["태그1","태그2"]','승인 리스트 타입 제목11',0,0,4,NULL,4),
	 (133,NULL,'WAITING',NULL,0,'승인 리스트 타입 내용12','2020-09-29 21:50:36.0','1.1.1.1','[1,2]',0,'4d6877231ba64b9597a1971ebae66694','2020-09-29 21:50:36.0','1.1.1.1',NULL,'https://placeimg.com/400/400/any?12',NULL,'OPEN','["태그1","태그2"]','승인 리스트 타입 제목12',0,0,4,NULL,4),
	 (134,NULL,'WAITING',NULL,0,'승인 리스트 타입 내용13','2020-09-29 21:50:37.0','1.1.1.1','[1,2]',0,'4d6877231ba64b9597a1971ebae66694','2020-09-29 21:50:37.0','1.1.1.1',NULL,'https://placeimg.com/400/400/any?13',NULL,'OPEN','["태그1","태그2"]','승인 리스트 타입 제목13',0,0,4,NULL,4),
	 (135,NULL,'WAITING',NULL,0,'승인 리스트 타입 내용14','2020-09-29 21:50:37.0','1.1.1.1','[1,2]',0,'4d6877231ba64b9597a1971ebae66694','2020-09-29 21:50:37.0','1.1.1.1',NULL,'https://placeimg.com/400/400/any?14',NULL,'OPEN','["태그1","태그2"]','승인 리스트 타입 제목14',0,0,4,NULL,4),
	 (136,NULL,'WAITING',NULL,0,'승인 리스트 타입 내용15','2020-09-29 21:50:37.0','1.1.1.1','[1,2]',0,'4d6877231ba64b9597a1971ebae66694','2020-09-29 21:50:37.0','1.1.1.1',NULL,'https://placeimg.com/400/400/any?15',NULL,'OPEN','["태그1","태그2"]','승인 리스트 타입 제목15',0,0,4,NULL,4),
	 (137,NULL,'WAITING',NULL,0,'승인 리스트 타입 내용16','2020-09-29 21:50:37.0','1.1.1.1','[1,2]',0,'4d6877231ba64b9597a1971ebae66694','2020-09-29 21:50:37.0','1.1.1.1',NULL,'https://placeimg.com/400/400/any?16',NULL,'OPEN','["태그1","태그2"]','승인 리스트 타입 제목16',0,0,4,NULL,4),
	 (138,NULL,'WAITING',NULL,0,'승인 리스트 타입 내용17','2020-09-29 21:50:37.0','1.1.1.1','[1,2]',0,'4d6877231ba64b9597a1971ebae66694','2020-09-29 21:50:37.0','1.1.1.1',NULL,'https://placeimg.com/400/400/any?17',NULL,'OPEN','["태그1","태그2"]','승인 리스트 타입 제목17',0,0,4,NULL,4),
	 (139,NULL,'WAITING',NULL,0,'승인 리스트 타입 내용18','2020-09-29 21:50:37.0','1.1.1.1','[1,2]',0,'4d6877231ba64b9597a1971ebae66694','2020-09-29 21:50:37.0','1.1.1.1',NULL,'https://placeimg.com/400/400/any?18',NULL,'OPEN','["태그1","태그2"]','승인 리스트 타입 제목18',0,0,4,NULL,4),
	 (140,NULL,'WAITING',NULL,0,'승인 리스트 타입 내용19','2020-09-29 21:50:37.0','1.1.1.1','[1,2]',0,'4d6877231ba64b9597a1971ebae66694','2020-09-29 21:50:37.0','1.1.1.1',NULL,'https://placeimg.com/400/400/any?19',NULL,'OPEN','["태그1","태그2"]','승인 리스트 타입 제목19',0,0,4,NULL,4),
	 (141,NULL,'WAITING',NULL,15,'승인 블로그 타입 내용0','2020-09-29 21:50:37.0','1.1.1.1','[1,2]',0,'b09d43a243a241a880b9d88e74ef267f','2020-09-29 21:50:37.0','1.1.1.1',NULL,'https://placeimg.com/400/400/any?0',NULL,'OPEN','["태그1","태그2"]','승인 블로그 타입 제목0',0,0,4,NULL,4),
	 (142,NULL,'WAITING',NULL,0,'승인 블로그 타입 내용1','2020-09-29 21:50:37.0','1.1.1.1','[1,2]',0,'b09d43a243a241a880b9d88e74ef267f','2020-09-29 21:50:37.0','1.1.1.1',NULL,'https://placeimg.com/400/400/any?1',NULL,'OPEN','["태그1","태그2"]','승인 블로그 타입 제목1',0,0,4,NULL,4),
	 (143,NULL,'WAITING',NULL,0,'승인 블로그 타입 내용2','2020-09-29 21:50:37.0','1.1.1.1','[1,2]',0,'b09d43a243a241a880b9d88e74ef267f','2020-09-29 21:50:37.0','1.1.1.1',NULL,'https://placeimg.com/400/400/any?2',NULL,'OPEN','["태그1","태그2"]','승인 블로그 타입 제목2',0,0,4,NULL,4),
	 (144,NULL,'WAITING',NULL,0,'승인 블로그 타입 내용3','2020-09-29 21:50:37.0','1.1.1.1','[1,2]',0,'b09d43a243a241a880b9d88e74ef267f','2020-09-29 21:50:37.0','1.1.1.1',NULL,'https://placeimg.com/400/400/any?3',NULL,'OPEN','["태그1","태그2"]','승인 블로그 타입 제목3',0,0,4,NULL,4),
	 (145,NULL,'WAITING',NULL,0,'승인 블로그 타입 내용4','2020-09-29 21:50:37.0','1.1.1.1','[1,2]',0,'b09d43a243a241a880b9d88e74ef267f','2020-09-29 21:50:37.0','1.1.1.1',NULL,'https://placeimg.com/400/400/any?4',NULL,'OPEN','["태그1","태그2"]','승인 블로그 타입 제목4',0,0,4,NULL,4),
	 (146,NULL,'WAITING',NULL,0,'승인 블로그 타입 내용5','2020-09-29 21:50:37.0','1.1.1.1','[1,2]',0,'b09d43a243a241a880b9d88e74ef267f','2020-09-29 21:50:37.0','1.1.1.1',NULL,'https://placeimg.com/400/400/any?5',NULL,'OPEN','["태그1","태그2"]','승인 블로그 타입 제목5',0,0,4,NULL,4),
	 (147,NULL,'WAITING',NULL,0,'승인 블로그 타입 내용6','2020-09-29 21:50:37.0','1.1.1.1','[1,2]',0,'b09d43a243a241a880b9d88e74ef267f','2020-09-29 21:50:37.0','1.1.1.1',NULL,'https://placeimg.com/400/400/any?6',NULL,'OPEN','["태그1","태그2"]','승인 블로그 타입 제목6',0,0,4,NULL,4),
	 (148,NULL,'WAITING',NULL,0,'승인 블로그 타입 내용7','2020-09-29 21:50:37.0','1.1.1.1','[1,2]',0,'b09d43a243a241a880b9d88e74ef267f','2020-09-29 21:50:37.0','1.1.1.1',NULL,'https://placeimg.com/400/400/any?7',NULL,'OPEN','["태그1","태그2"]','승인 블로그 타입 제목7',0,0,4,NULL,4),
	 (149,NULL,'WAITING',NULL,0,'승인 블로그 타입 내용8','2020-09-29 21:50:37.0','1.1.1.1','[1,2]',0,'b09d43a243a241a880b9d88e74ef267f','2020-09-29 21:50:37.0','1.1.1.1',NULL,'https://placeimg.com/400/400/any?8',NULL,'OPEN','["태그1","태그2"]','승인 블로그 타입 제목8',0,0,4,NULL,4),
	 (150,NULL,'WAITING',NULL,0,'승인 블로그 타입 내용9','2020-09-29 21:50:37.0','1.1.1.1','[1,2]',0,'b09d43a243a241a880b9d88e74ef267f','2020-09-29 21:50:37.0','1.1.1.1',NULL,'https://placeimg.com/400/400/any?9',NULL,'OPEN','["태그1","태그2"]','승인 블로그 타입 제목9',0,0,4,NULL,4),
	 (151,NULL,'WAITING',NULL,0,'승인 블로그 타입 내용10','2020-09-29 21:50:37.0','1.1.1.1','[1,2]',0,'b09d43a243a241a880b9d88e74ef267f','2020-09-29 21:50:37.0','1.1.1.1',NULL,'https://placeimg.com/400/400/any?10',NULL,'OPEN','["태그1","태그2"]','승인 블로그 타입 제목10',0,0,4,NULL,4),
	 (152,NULL,'WAITING',NULL,0,'승인 블로그 타입 내용11','2020-09-29 21:50:37.0','1.1.1.1','[1,2]',0,'b09d43a243a241a880b9d88e74ef267f','2020-09-29 21:50:37.0','1.1.1.1',NULL,'https://placeimg.com/400/400/any?11',NULL,'OPEN','["태그1","태그2"]','승인 블로그 타입 제목11',0,0,4,NULL,4),
	 (153,NULL,'WAITING',NULL,0,'승인 블로그 타입 내용12','2020-09-29 21:50:37.0','1.1.1.1','[1,2]',0,'b09d43a243a241a880b9d88e74ef267f','2020-09-29 21:50:37.0','1.1.1.1',NULL,'https://placeimg.com/400/400/any?12',NULL,'OPEN','["태그1","태그2"]','승인 블로그 타입 제목12',0,0,4,NULL,4),
	 (154,NULL,'WAITING',NULL,0,'승인 블로그 타입 내용13','2020-09-29 21:50:37.0','1.1.1.1','[1,2]',0,'b09d43a243a241a880b9d88e74ef267f','2020-09-29 21:50:37.0','1.1.1.1',NULL,'https://placeimg.com/400/400/any?13',NULL,'OPEN','["태그1","태그2"]','승인 블로그 타입 제목13',0,0,4,NULL,4),
	 (155,NULL,'WAITING',NULL,0,'승인 블로그 타입 내용14','2020-09-29 21:50:37.0','1.1.1.1','[1,2]',0,'b09d43a243a241a880b9d88e74ef267f','2020-09-29 21:50:37.0','1.1.1.1',NULL,'https://placeimg.com/400/400/any?14',NULL,'OPEN','["태그1","태그2"]','승인 블로그 타입 제목14',0,0,4,NULL,4),
	 (156,NULL,'WAITING',NULL,0,'승인 블로그 타입 내용15','2020-09-29 21:50:37.0','1.1.1.1','[1,2]',0,'b09d43a243a241a880b9d88e74ef267f','2020-09-29 21:50:37.0','1.1.1.1',NULL,'https://placeimg.com/400/400/any?15',NULL,'OPEN','["태그1","태그2"]','승인 블로그 타입 제목15',0,0,4,NULL,4),
	 (157,NULL,'WAITING',NULL,0,'승인 블로그 타입 내용16','2020-09-29 21:50:37.0','1.1.1.1','[1,2]',0,'b09d43a243a241a880b9d88e74ef267f','2020-09-29 21:50:37.0','1.1.1.1',NULL,'https://placeimg.com/400/400/any?16',NULL,'OPEN','["태그1","태그2"]','승인 블로그 타입 제목16',0,0,4,NULL,4),
	 (158,NULL,'WAITING',NULL,0,'승인 블로그 타입 내용17','2020-09-29 21:50:37.0','1.1.1.1','[1,2]',0,'b09d43a243a241a880b9d88e74ef267f','2020-09-29 21:50:37.0','1.1.1.1',NULL,'https://placeimg.com/400/400/any?17',NULL,'OPEN','["태그1","태그2"]','승인 블로그 타입 제목17',0,0,4,NULL,4),
	 (159,NULL,'WAITING',NULL,0,'승인 블로그 타입 내용18','2020-09-29 21:50:37.0','1.1.1.1','[1,2]',0,'b09d43a243a241a880b9d88e74ef267f','2020-09-29 21:50:37.0','1.1.1.1',NULL,'https://placeimg.com/400/400/any?18',NULL,'OPEN','["태그1","태그2"]','승인 블로그 타입 제목18',0,0,4,NULL,4),
	 (160,NULL,'WAITING',NULL,0,'승인 블로그 타입 내용19','2020-09-29 21:50:37.0','1.1.1.1','[1,2]',0,'b09d43a243a241a880b9d88e74ef267f','2020-09-29 21:50:37.0','1.1.1.1',NULL,'https://placeimg.com/400/400/any?19',NULL,'OPEN','["태그1","태그2"]','승인 블로그 타입 제목19',0,0,4,NULL,4),
	 (161,NULL,'WAITING',NULL,0,'승인 카드 타입 내용0','2020-09-29 21:50:37.0','1.1.1.1','[1,2]',0,'d36d2355d3a54094ad7b018220bfa586','2020-09-29 21:50:37.0','1.1.1.1',NULL,'https://placeimg.com/400/400/any?0',NULL,'OPEN','["태그1","태그2"]','승인 카드 타입 제목0',0,0,4,NULL,4),
	 (162,NULL,'WAITING',NULL,0,'승인 카드 타입 내용1','2020-09-29 21:50:37.0','1.1.1.1','[1,2]',0,'d36d2355d3a54094ad7b018220bfa586','2020-09-29 21:50:37.0','1.1.1.1',NULL,'https://placeimg.com/400/400/any?1',NULL,'OPEN','["태그1","태그2"]','승인 카드 타입 제목1',0,0,4,NULL,4),
	 (163,NULL,'WAITING',NULL,0,'승인 카드 타입 내용2','2020-09-29 21:50:37.0','1.1.1.1','[1,2]',0,'d36d2355d3a54094ad7b018220bfa586','2020-09-29 21:50:37.0','1.1.1.1',NULL,'https://placeimg.com/400/400/any?2',NULL,'OPEN','["태그1","태그2"]','승인 카드 타입 제목2',0,0,4,NULL,4),
	 (164,NULL,'WAITING',NULL,0,'승인 카드 타입 내용3','2020-09-29 21:50:37.0','1.1.1.1','[1,2]',0,'d36d2355d3a54094ad7b018220bfa586','2020-09-29 21:50:37.0','1.1.1.1',NULL,'https://placeimg.com/400/400/any?3',NULL,'OPEN','["태그1","태그2"]','승인 카드 타입 제목3',0,0,4,NULL,4),
	 (165,NULL,'WAITING',NULL,0,'승인 카드 타입 내용4','2020-09-29 21:50:37.0','1.1.1.1','[1,2]',0,'d36d2355d3a54094ad7b018220bfa586','2020-09-29 21:50:37.0','1.1.1.1',NULL,'https://placeimg.com/400/400/any?4',NULL,'OPEN','["태그1","태그2"]','승인 카드 타입 제목4',0,0,4,NULL,4),
	 (166,NULL,'WAITING',NULL,0,'승인 카드 타입 내용5','2020-09-29 21:50:38.0','1.1.1.1','[1,2]',0,'d36d2355d3a54094ad7b018220bfa586','2020-09-29 21:50:38.0','1.1.1.1',NULL,'https://placeimg.com/400/400/any?5',NULL,'OPEN','["태그1","태그2"]','승인 카드 타입 제목5',0,0,4,NULL,4),
	 (167,NULL,'WAITING',NULL,0,'승인 카드 타입 내용6','2020-09-29 21:50:38.0','1.1.1.1','[1,2]',0,'d36d2355d3a54094ad7b018220bfa586','2020-09-29 21:50:38.0','1.1.1.1',NULL,'https://placeimg.com/400/400/any?6',NULL,'OPEN','["태그1","태그2"]','승인 카드 타입 제목6',0,0,4,NULL,4),
	 (168,NULL,'WAITING',NULL,0,'승인 카드 타입 내용7','2020-09-29 21:50:38.0','1.1.1.1','[1,2]',0,'d36d2355d3a54094ad7b018220bfa586','2020-09-29 21:50:38.0','1.1.1.1',NULL,'https://placeimg.com/400/400/any?7',NULL,'OPEN','["태그1","태그2"]','승인 카드 타입 제목7',0,0,4,NULL,4),
	 (169,NULL,'WAITING',NULL,0,'승인 카드 타입 내용8','2020-09-29 21:50:38.0','1.1.1.1','[1,2]',0,'d36d2355d3a54094ad7b018220bfa586','2020-09-29 21:50:38.0','1.1.1.1',NULL,'https://placeimg.com/400/400/any?8',NULL,'OPEN','["태그1","태그2"]','승인 카드 타입 제목8',0,0,4,NULL,4),
	 (170,NULL,'WAITING',NULL,0,'승인 카드 타입 내용9','2020-09-29 21:50:38.0','1.1.1.1','[1,2]',0,'d36d2355d3a54094ad7b018220bfa586','2020-09-29 21:50:38.0','1.1.1.1',NULL,'https://placeimg.com/400/400/any?9',NULL,'OPEN','["태그1","태그2"]','승인 카드 타입 제목9',0,0,4,NULL,4),
	 (171,NULL,'WAITING',NULL,0,'승인 카드 타입 내용10','2020-09-29 21:50:38.0','1.1.1.1','[1,2]',0,'d36d2355d3a54094ad7b018220bfa586','2020-09-29 21:50:38.0','1.1.1.1',NULL,'https://placeimg.com/400/400/any?10',NULL,'OPEN','["태그1","태그2"]','승인 카드 타입 제목10',0,0,4,NULL,4),
	 (172,NULL,'WAITING',NULL,0,'승인 카드 타입 내용11','2020-09-29 21:50:38.0','1.1.1.1','[1,2]',0,'d36d2355d3a54094ad7b018220bfa586','2020-09-29 21:50:38.0','1.1.1.1',NULL,'https://placeimg.com/400/400/any?11',NULL,'OPEN','["태그1","태그2"]','승인 카드 타입 제목11',0,0,4,NULL,4),
	 (173,NULL,'WAITING',NULL,0,'승인 카드 타입 내용12','2020-09-29 21:50:38.0','1.1.1.1','[1,2]',0,'d36d2355d3a54094ad7b018220bfa586','2020-09-29 21:50:38.0','1.1.1.1',NULL,'https://placeimg.com/400/400/any?12',NULL,'OPEN','["태그1","태그2"]','승인 카드 타입 제목12',0,0,4,NULL,4),
	 (174,NULL,'WAITING',NULL,0,'승인 카드 타입 내용13','2020-09-29 21:50:38.0','1.1.1.1','[1,2]',0,'d36d2355d3a54094ad7b018220bfa586','2020-09-29 21:50:38.0','1.1.1.1',NULL,'https://placeimg.com/400/400/any?13',NULL,'OPEN','["태그1","태그2"]','승인 카드 타입 제목13',0,0,4,NULL,4),
	 (175,NULL,'WAITING',NULL,0,'승인 카드 타입 내용14','2020-09-29 21:50:38.0','1.1.1.1','[1,2]',0,'d36d2355d3a54094ad7b018220bfa586','2020-09-29 21:50:38.0','1.1.1.1',NULL,'https://placeimg.com/400/400/any?14',NULL,'OPEN','["태그1","태그2"]','승인 카드 타입 제목14',0,0,4,NULL,4),
	 (176,NULL,'WAITING',NULL,0,'승인 카드 타입 내용15','2020-09-29 21:50:38.0','1.1.1.1','[1,2]',0,'d36d2355d3a54094ad7b018220bfa586','2020-09-29 21:50:38.0','1.1.1.1',NULL,'https://placeimg.com/400/400/any?15',NULL,'OPEN','["태그1","태그2"]','승인 카드 타입 제목15',0,0,4,NULL,4),
	 (177,NULL,'WAITING',NULL,0,'승인 카드 타입 내용16','2020-09-29 21:50:38.0','1.1.1.1','[1,2]',0,'d36d2355d3a54094ad7b018220bfa586','2020-09-29 21:50:38.0','1.1.1.1',NULL,'https://placeimg.com/400/400/any?16',NULL,'OPEN','["태그1","태그2"]','승인 카드 타입 제목16',0,0,4,NULL,4),
	 (178,NULL,'WAITING',NULL,0,'승인 카드 타입 내용17','2020-09-29 21:50:38.0','1.1.1.1','[1,2]',0,'d36d2355d3a54094ad7b018220bfa586','2020-09-29 21:50:38.0','1.1.1.1',NULL,'https://placeimg.com/400/400/any?17',NULL,'OPEN','["태그1","태그2"]','승인 카드 타입 제목17',0,0,4,NULL,4),
	 (179,NULL,'WAITING',NULL,0,'승인 카드 타입 내용18','2020-09-29 21:50:38.0','1.1.1.1','[1,2]',0,'d36d2355d3a54094ad7b018220bfa586','2020-09-29 21:50:38.0','1.1.1.1',NULL,'https://placeimg.com/400/400/any?18',NULL,'OPEN','["태그1","태그2"]','승인 카드 타입 제목18',0,0,4,NULL,4),
	 (180,NULL,'WAITING',NULL,0,'승인 카드 타입 내용19','2020-09-29 21:50:38.0','1.1.1.1','[1,2]',0,'d36d2355d3a54094ad7b018220bfa586','2020-09-29 21:50:38.0','1.1.1.1',NULL,'https://placeimg.com/400/400/any?19',NULL,'OPEN','["태그1","태그2"]','승인 카드 타입 제목19',0,0,4,NULL,4);
INSERT INTO base_node_test.TB_BOARD_CTGRY (BOARD_CTGRY_ID,REG_DT,REG_IP,MENU_UID,CHG_DT,CHG_IP,NAME,STATUS,REG_ID,CHG_ID) VALUES
	 (1,'2020-09-29 21:50:34.0','1.1.1.1','f5f2883f9da1413a80b89b056b579a2b','2020-09-29 21:50:34.0','1.1.1.1','카테고리1','OPEN',12,12);
INSERT INTO base_node_test.TB_BOARD_LIKE (BOARD_ID,USER_ID,REG_DT,REG_IP) VALUES
	 (1,4,'2019-12-01 00:00:00.0','1.1.1.1');
INSERT INTO base_node_test.TB_CHAT_ROOM (CHAT_ROOM_ID,NAME,USER_COUNT) VALUES
	 ('/sub/admin/chat','관리자 채팅방',0);
INSERT INTO base_node_test.TB_COMMENT (COMMENT_ID,COMMENT_CONTENT,REG_DT,REG_IP,COMMENT_IMAGE,MENU_UID,CHG_DT,CHG_IP,COMMENT_RATING,STATUS,TYPE_ID,REG_ID,CHG_ID,PARENT_ID) VALUES
	 (1,'관리자 리스트 게시판 댓글 내용0','2020-09-29 21:50:39.0','1.1.1.1','https://placeimg.com/400/400/any?1','f5f2883f9da1413a80b89b056b579a2b','2020-09-29 21:50:39.0','1.1.1.1',NULL,'OPEN',1,4,4,NULL),
	 (2,'관리자 리스트 게시판 댓글 내용1','2020-09-29 21:50:39.0','1.1.1.1','https://placeimg.com/400/400/any?1','f5f2883f9da1413a80b89b056b579a2b','2020-09-29 21:50:39.0','1.1.1.1',NULL,'OPEN',1,4,4,NULL),
	 (3,'관리자 리스트 게시판 댓글 내용2','2020-09-29 21:50:39.0','1.1.1.1','https://placeimg.com/400/400/any?1','f5f2883f9da1413a80b89b056b579a2b','2020-09-29 21:50:39.0','1.1.1.1',NULL,'OPEN',1,4,4,NULL),
	 (4,'관리자 리스트 게시판 댓글 내용3','2020-09-29 21:50:39.0','1.1.1.1','https://placeimg.com/400/400/any?1','f5f2883f9da1413a80b89b056b579a2b','2020-09-29 21:50:39.0','1.1.1.1',NULL,'OPEN',1,4,4,NULL),
	 (5,'관리자 리스트 게시판 댓글 내용4','2020-09-29 21:50:39.0','1.1.1.1','https://placeimg.com/400/400/any?1','f5f2883f9da1413a80b89b056b579a2b','2020-09-29 21:50:39.0','1.1.1.1',NULL,'OPEN',1,4,4,NULL),
	 (6,'관리자 리스트 게시판 댓글 내용5','2020-09-29 21:50:39.0','1.1.1.1','https://placeimg.com/400/400/any?1','f5f2883f9da1413a80b89b056b579a2b','2020-09-29 21:50:39.0','1.1.1.1',NULL,'OPEN',1,4,4,NULL),
	 (7,'관리자 리스트 게시판 댓글 내용6','2020-09-29 21:50:39.0','1.1.1.1','https://placeimg.com/400/400/any?1','f5f2883f9da1413a80b89b056b579a2b','2020-09-29 21:50:39.0','1.1.1.1',NULL,'OPEN',1,4,4,NULL),
	 (8,'관리자 리스트 게시판 댓글 내용7','2020-09-29 21:50:39.0','1.1.1.1','https://placeimg.com/400/400/any?1','f5f2883f9da1413a80b89b056b579a2b','2020-09-29 21:50:39.0','1.1.1.1',NULL,'OPEN',1,4,4,NULL),
	 (9,'관리자 리스트 게시판 댓글 내용8','2020-09-29 21:50:39.0','1.1.1.1','https://placeimg.com/400/400/any?1','f5f2883f9da1413a80b89b056b579a2b','2020-09-29 21:50:39.0','1.1.1.1',NULL,'OPEN',1,4,4,NULL),
	 (10,'관리자 리스트 게시판 댓글 내용9','2020-09-29 21:50:39.0','1.1.1.1','https://placeimg.com/400/400/any?1','f5f2883f9da1413a80b89b056b579a2b','2020-09-29 21:50:39.0','1.1.1.1',NULL,'OPEN',1,4,4,NULL),
	 (11,'관리자 리스트 게시판 댓글 내용10','2020-09-29 21:50:39.0','1.1.1.1','https://placeimg.com/400/400/any?1','f5f2883f9da1413a80b89b056b579a2b','2020-09-29 21:50:39.0','1.1.1.1',NULL,'OPEN',1,4,4,NULL),
	 (12,'관리자 리스트 게시판 댓글 내용11','2020-09-29 21:50:39.0','1.1.1.1','https://placeimg.com/400/400/any?1','f5f2883f9da1413a80b89b056b579a2b','2020-09-29 21:50:39.0','1.1.1.1',NULL,'OPEN',1,4,4,NULL),
	 (13,'관리자 리스트 게시판 댓글 내용12','2020-09-29 21:50:39.0','1.1.1.1','https://placeimg.com/400/400/any?1','f5f2883f9da1413a80b89b056b579a2b','2020-09-29 21:50:39.0','1.1.1.1',NULL,'OPEN',1,4,4,NULL),
	 (14,'관리자 리스트 게시판 댓글 내용13','2020-09-29 21:50:39.0','1.1.1.1','https://placeimg.com/400/400/any?1','f5f2883f9da1413a80b89b056b579a2b','2020-09-29 21:50:39.0','1.1.1.1',NULL,'OPEN',1,4,4,NULL),
	 (15,'관리자 리스트 게시판 댓글 내용14','2020-09-29 21:50:39.0','1.1.1.1','https://placeimg.com/400/400/any?1','f5f2883f9da1413a80b89b056b579a2b','2020-09-29 21:50:39.0','1.1.1.1',NULL,'OPEN',1,4,4,NULL),
	 (16,'관리자 블로그 게시판 댓글 내용0','2020-09-29 21:50:39.0','1.1.1.1','https://placeimg.com/400/400/any?1','c8e88a6cb7e74237860a70c058576d2d','2020-09-29 21:50:39.0','1.1.1.1',NULL,'OPEN',21,4,4,NULL),
	 (17,'관리자 블로그 게시판 댓글 내용1','2020-09-29 21:50:39.0','1.1.1.1','https://placeimg.com/400/400/any?1','c8e88a6cb7e74237860a70c058576d2d','2020-09-29 21:50:39.0','1.1.1.1',NULL,'OPEN',21,4,4,NULL),
	 (18,'관리자 블로그 게시판 댓글 내용2','2020-09-29 21:50:39.0','1.1.1.1','https://placeimg.com/400/400/any?1','c8e88a6cb7e74237860a70c058576d2d','2020-09-29 21:50:39.0','1.1.1.1',NULL,'OPEN',21,4,4,NULL),
	 (19,'관리자 블로그 게시판 댓글 내용3','2020-09-29 21:50:39.0','1.1.1.1','https://placeimg.com/400/400/any?1','c8e88a6cb7e74237860a70c058576d2d','2020-09-29 21:50:39.0','1.1.1.1',NULL,'OPEN',21,4,4,NULL),
	 (20,'관리자 블로그 게시판 댓글 내용4','2020-09-29 21:50:39.0','1.1.1.1','https://placeimg.com/400/400/any?1','c8e88a6cb7e74237860a70c058576d2d','2020-09-29 21:50:39.0','1.1.1.1',NULL,'OPEN',21,4,4,NULL),
	 (21,'관리자 블로그 게시판 댓글 내용5','2020-09-29 21:50:39.0','1.1.1.1','https://placeimg.com/400/400/any?1','c8e88a6cb7e74237860a70c058576d2d','2020-09-29 21:50:39.0','1.1.1.1',NULL,'OPEN',21,4,4,NULL),
	 (22,'관리자 블로그 게시판 댓글 내용6','2020-09-29 21:50:39.0','1.1.1.1','https://placeimg.com/400/400/any?1','c8e88a6cb7e74237860a70c058576d2d','2020-09-29 21:50:39.0','1.1.1.1',NULL,'OPEN',21,4,4,NULL),
	 (23,'관리자 블로그 게시판 댓글 내용7','2020-09-29 21:50:39.0','1.1.1.1','https://placeimg.com/400/400/any?1','c8e88a6cb7e74237860a70c058576d2d','2020-09-29 21:50:39.0','1.1.1.1',NULL,'OPEN',21,4,4,NULL),
	 (24,'관리자 블로그 게시판 댓글 내용8','2020-09-29 21:50:39.0','1.1.1.1','https://placeimg.com/400/400/any?1','c8e88a6cb7e74237860a70c058576d2d','2020-09-29 21:50:39.0','1.1.1.1',NULL,'OPEN',21,4,4,NULL),
	 (25,'관리자 블로그 게시판 댓글 내용9','2020-09-29 21:50:39.0','1.1.1.1','https://placeimg.com/400/400/any?1','c8e88a6cb7e74237860a70c058576d2d','2020-09-29 21:50:39.0','1.1.1.1',NULL,'OPEN',21,4,4,NULL),
	 (26,'관리자 블로그 게시판 댓글 내용10','2020-09-29 21:50:39.0','1.1.1.1','https://placeimg.com/400/400/any?1','c8e88a6cb7e74237860a70c058576d2d','2020-09-29 21:50:39.0','1.1.1.1',NULL,'OPEN',21,4,4,NULL),
	 (27,'관리자 블로그 게시판 댓글 내용11','2020-09-29 21:50:39.0','1.1.1.1','https://placeimg.com/400/400/any?1','c8e88a6cb7e74237860a70c058576d2d','2020-09-29 21:50:39.0','1.1.1.1',NULL,'OPEN',21,4,4,NULL),
	 (28,'관리자 블로그 게시판 댓글 내용12','2020-09-29 21:50:39.0','1.1.1.1','https://placeimg.com/400/400/any?1','c8e88a6cb7e74237860a70c058576d2d','2020-09-29 21:50:39.0','1.1.1.1',NULL,'OPEN',21,4,4,NULL),
	 (29,'관리자 블로그 게시판 댓글 내용13','2020-09-29 21:50:39.0','1.1.1.1','https://placeimg.com/400/400/any?1','c8e88a6cb7e74237860a70c058576d2d','2020-09-29 21:50:39.0','1.1.1.1',NULL,'OPEN',21,4,4,NULL),
	 (30,'관리자 블로그 게시판 댓글 내용14','2020-09-29 21:50:39.0','1.1.1.1','https://placeimg.com/400/400/any?1','c8e88a6cb7e74237860a70c058576d2d','2020-09-29 21:50:39.0','1.1.1.1',NULL,'OPEN',21,4,4,NULL),
	 (31,'회원 리스트 게시판 댓글 내용0','2020-09-29 21:50:39.0','1.1.1.1','https://placeimg.com/400/400/any?1','0806161ec925407497a3b9266e3a7628','2020-09-29 21:50:39.0','1.1.1.1',NULL,'OPEN',61,4,4,NULL),
	 (32,'회원 리스트 게시판 댓글 내용1','2020-09-29 21:50:39.0','1.1.1.1','https://placeimg.com/400/400/any?1','0806161ec925407497a3b9266e3a7628','2020-09-29 21:50:39.0','1.1.1.1',NULL,'OPEN',61,4,4,NULL),
	 (33,'회원 리스트 게시판 댓글 내용2','2020-09-29 21:50:39.0','1.1.1.1','https://placeimg.com/400/400/any?1','0806161ec925407497a3b9266e3a7628','2020-09-29 21:50:39.0','1.1.1.1',NULL,'OPEN',61,4,4,NULL),
	 (34,'회원 리스트 게시판 댓글 내용3','2020-09-29 21:50:39.0','1.1.1.1','https://placeimg.com/400/400/any?1','0806161ec925407497a3b9266e3a7628','2020-09-29 21:50:39.0','1.1.1.1',NULL,'OPEN',61,4,4,NULL),
	 (35,'회원 리스트 게시판 댓글 내용4','2020-09-29 21:50:39.0','1.1.1.1','https://placeimg.com/400/400/any?1','0806161ec925407497a3b9266e3a7628','2020-09-29 21:50:39.0','1.1.1.1',NULL,'OPEN',61,4,4,NULL),
	 (36,'회원 리스트 게시판 댓글 내용5','2020-09-29 21:50:39.0','1.1.1.1','https://placeimg.com/400/400/any?1','0806161ec925407497a3b9266e3a7628','2020-09-29 21:50:39.0','1.1.1.1',NULL,'OPEN',61,4,4,NULL),
	 (37,'회원 리스트 게시판 댓글 내용6','2020-09-29 21:50:39.0','1.1.1.1','https://placeimg.com/400/400/any?1','0806161ec925407497a3b9266e3a7628','2020-09-29 21:50:39.0','1.1.1.1',NULL,'OPEN',61,4,4,NULL),
	 (38,'회원 리스트 게시판 댓글 내용7','2020-09-29 21:50:39.0','1.1.1.1','https://placeimg.com/400/400/any?1','0806161ec925407497a3b9266e3a7628','2020-09-29 21:50:39.0','1.1.1.1',NULL,'OPEN',61,4,4,NULL),
	 (39,'회원 리스트 게시판 댓글 내용8','2020-09-29 21:50:39.0','1.1.1.1','https://placeimg.com/400/400/any?1','0806161ec925407497a3b9266e3a7628','2020-09-29 21:50:39.0','1.1.1.1',NULL,'OPEN',61,4,4,NULL),
	 (40,'회원 리스트 게시판 댓글 내용9','2020-09-29 21:50:39.0','1.1.1.1','https://placeimg.com/400/400/any?1','0806161ec925407497a3b9266e3a7628','2020-09-29 21:50:39.0','1.1.1.1',NULL,'OPEN',61,4,4,NULL),
	 (41,'회원 리스트 게시판 댓글 내용10','2020-09-29 21:50:39.0','1.1.1.1','https://placeimg.com/400/400/any?1','0806161ec925407497a3b9266e3a7628','2020-09-29 21:50:39.0','1.1.1.1',NULL,'OPEN',61,4,4,NULL),
	 (42,'회원 리스트 게시판 댓글 내용11','2020-09-29 21:50:39.0','1.1.1.1','https://placeimg.com/400/400/any?1','0806161ec925407497a3b9266e3a7628','2020-09-29 21:50:39.0','1.1.1.1',NULL,'OPEN',61,4,4,NULL),
	 (43,'회원 리스트 게시판 댓글 내용12','2020-09-29 21:50:39.0','1.1.1.1','https://placeimg.com/400/400/any?1','0806161ec925407497a3b9266e3a7628','2020-09-29 21:50:39.0','1.1.1.1',NULL,'OPEN',61,4,4,NULL),
	 (44,'회원 리스트 게시판 댓글 내용13','2020-09-29 21:50:39.0','1.1.1.1','https://placeimg.com/400/400/any?1','0806161ec925407497a3b9266e3a7628','2020-09-29 21:50:39.0','1.1.1.1',NULL,'OPEN',61,4,4,NULL),
	 (45,'회원 리스트 게시판 댓글 내용14','2020-09-29 21:50:39.0','1.1.1.1','https://placeimg.com/400/400/any?1','0806161ec925407497a3b9266e3a7628','2020-09-29 21:50:39.0','1.1.1.1',NULL,'OPEN',61,4,4,NULL),
	 (46,'회원 블로그 게시판 댓글 내용0','2020-09-29 21:50:39.0','1.1.1.1','https://placeimg.com/400/400/any?1','c3f3f906870943d2a6b67996965468af','2020-09-29 21:50:39.0','1.1.1.1',NULL,'OPEN',81,4,4,NULL),
	 (47,'회원 블로그 게시판 댓글 내용1','2020-09-29 21:50:39.0','1.1.1.1','https://placeimg.com/400/400/any?1','c3f3f906870943d2a6b67996965468af','2020-09-29 21:50:39.0','1.1.1.1',NULL,'OPEN',81,4,4,NULL),
	 (48,'회원 블로그 게시판 댓글 내용2','2020-09-29 21:50:40.0','1.1.1.1','https://placeimg.com/400/400/any?1','c3f3f906870943d2a6b67996965468af','2020-09-29 21:50:40.0','1.1.1.1',NULL,'OPEN',81,4,4,NULL),
	 (49,'회원 블로그 게시판 댓글 내용3','2020-09-29 21:50:40.0','1.1.1.1','https://placeimg.com/400/400/any?1','c3f3f906870943d2a6b67996965468af','2020-09-29 21:50:40.0','1.1.1.1',NULL,'OPEN',81,4,4,NULL),
	 (50,'회원 블로그 게시판 댓글 내용4','2020-09-29 21:50:40.0','1.1.1.1','https://placeimg.com/400/400/any?1','c3f3f906870943d2a6b67996965468af','2020-09-29 21:50:40.0','1.1.1.1',NULL,'OPEN',81,4,4,NULL),
	 (51,'회원 블로그 게시판 댓글 내용5','2020-09-29 21:50:40.0','1.1.1.1','https://placeimg.com/400/400/any?1','c3f3f906870943d2a6b67996965468af','2020-09-29 21:50:40.0','1.1.1.1',NULL,'OPEN',81,4,4,NULL),
	 (52,'회원 블로그 게시판 댓글 내용6','2020-09-29 21:50:40.0','1.1.1.1','https://placeimg.com/400/400/any?1','c3f3f906870943d2a6b67996965468af','2020-09-29 21:50:40.0','1.1.1.1',NULL,'OPEN',81,4,4,NULL),
	 (53,'회원 블로그 게시판 댓글 내용7','2020-09-29 21:50:40.0','1.1.1.1','https://placeimg.com/400/400/any?1','c3f3f906870943d2a6b67996965468af','2020-09-29 21:50:40.0','1.1.1.1',NULL,'OPEN',81,4,4,NULL),
	 (54,'회원 블로그 게시판 댓글 내용8','2020-09-29 21:50:40.0','1.1.1.1','https://placeimg.com/400/400/any?1','c3f3f906870943d2a6b67996965468af','2020-09-29 21:50:40.0','1.1.1.1',NULL,'OPEN',81,4,4,NULL),
	 (55,'회원 블로그 게시판 댓글 내용9','2020-09-29 21:50:40.0','1.1.1.1','https://placeimg.com/400/400/any?1','c3f3f906870943d2a6b67996965468af','2020-09-29 21:50:40.0','1.1.1.1',NULL,'OPEN',81,4,4,NULL),
	 (56,'회원 블로그 게시판 댓글 내용10','2020-09-29 21:50:40.0','1.1.1.1','https://placeimg.com/400/400/any?1','c3f3f906870943d2a6b67996965468af','2020-09-29 21:50:40.0','1.1.1.1',NULL,'OPEN',81,4,4,NULL),
	 (57,'회원 블로그 게시판 댓글 내용11','2020-09-29 21:50:40.0','1.1.1.1','https://placeimg.com/400/400/any?1','c3f3f906870943d2a6b67996965468af','2020-09-29 21:50:40.0','1.1.1.1',NULL,'OPEN',81,4,4,NULL),
	 (58,'회원 블로그 게시판 댓글 내용12','2020-09-29 21:50:40.0','1.1.1.1','https://placeimg.com/400/400/any?1','c3f3f906870943d2a6b67996965468af','2020-09-29 21:50:40.0','1.1.1.1',NULL,'OPEN',81,4,4,NULL),
	 (59,'회원 블로그 게시판 댓글 내용13','2020-09-29 21:50:40.0','1.1.1.1','https://placeimg.com/400/400/any?1','c3f3f906870943d2a6b67996965468af','2020-09-29 21:50:40.0','1.1.1.1',NULL,'OPEN',81,4,4,NULL),
	 (60,'회원 블로그 게시판 댓글 내용14','2020-09-29 21:50:40.0','1.1.1.1','https://placeimg.com/400/400/any?1','c3f3f906870943d2a6b67996965468af','2020-09-29 21:50:40.0','1.1.1.1',NULL,'DELETE',81,4,4,NULL),
	 (61,'승인 리스트 게시판 댓글 내용0','2020-09-29 21:50:40.0','1.1.1.1','https://placeimg.com/400/400/any?1','4d6877231ba64b9597a1971ebae66694','2020-09-29 21:50:40.0','1.1.1.1',NULL,'OPEN',121,4,4,NULL),
	 (62,'승인 리스트 게시판 댓글 내용1','2020-09-29 21:50:40.0','1.1.1.1','https://placeimg.com/400/400/any?1','4d6877231ba64b9597a1971ebae66694','2020-09-29 21:50:40.0','1.1.1.1',NULL,'OPEN',121,4,4,NULL),
	 (63,'승인 리스트 게시판 댓글 내용2','2020-09-29 21:50:40.0','1.1.1.1','https://placeimg.com/400/400/any?1','4d6877231ba64b9597a1971ebae66694','2020-09-29 21:50:40.0','1.1.1.1',NULL,'OPEN',121,4,4,NULL),
	 (64,'승인 리스트 게시판 댓글 내용3','2020-09-29 21:50:40.0','1.1.1.1','https://placeimg.com/400/400/any?1','4d6877231ba64b9597a1971ebae66694','2020-09-29 21:50:40.0','1.1.1.1',NULL,'OPEN',121,4,4,NULL),
	 (65,'승인 리스트 게시판 댓글 내용4','2020-09-29 21:50:40.0','1.1.1.1','https://placeimg.com/400/400/any?1','4d6877231ba64b9597a1971ebae66694','2020-09-29 21:50:40.0','1.1.1.1',NULL,'OPEN',121,4,4,NULL),
	 (66,'승인 리스트 게시판 댓글 내용5','2020-09-29 21:50:40.0','1.1.1.1','https://placeimg.com/400/400/any?1','4d6877231ba64b9597a1971ebae66694','2020-09-29 21:50:40.0','1.1.1.1',NULL,'OPEN',121,4,4,NULL),
	 (67,'승인 리스트 게시판 댓글 내용6','2020-09-29 21:50:40.0','1.1.1.1','https://placeimg.com/400/400/any?1','4d6877231ba64b9597a1971ebae66694','2020-09-29 21:50:40.0','1.1.1.1',NULL,'OPEN',121,4,4,NULL),
	 (68,'승인 리스트 게시판 댓글 내용7','2020-09-29 21:50:40.0','1.1.1.1','https://placeimg.com/400/400/any?1','4d6877231ba64b9597a1971ebae66694','2020-09-29 21:50:40.0','1.1.1.1',NULL,'OPEN',121,4,4,NULL),
	 (69,'승인 리스트 게시판 댓글 내용8','2020-09-29 21:50:40.0','1.1.1.1','https://placeimg.com/400/400/any?1','4d6877231ba64b9597a1971ebae66694','2020-09-29 21:50:40.0','1.1.1.1',NULL,'OPEN',121,4,4,NULL),
	 (70,'승인 리스트 게시판 댓글 내용9','2020-09-29 21:50:40.0','1.1.1.1','https://placeimg.com/400/400/any?1','4d6877231ba64b9597a1971ebae66694','2020-09-29 21:50:40.0','1.1.1.1',NULL,'OPEN',121,4,4,NULL),
	 (71,'승인 리스트 게시판 댓글 내용10','2020-09-29 21:50:40.0','1.1.1.1','https://placeimg.com/400/400/any?1','4d6877231ba64b9597a1971ebae66694','2020-09-29 21:50:40.0','1.1.1.1',NULL,'OPEN',121,4,4,NULL),
	 (72,'승인 리스트 게시판 댓글 내용11','2020-09-29 21:50:40.0','1.1.1.1','https://placeimg.com/400/400/any?1','4d6877231ba64b9597a1971ebae66694','2020-09-29 21:50:40.0','1.1.1.1',NULL,'OPEN',121,4,4,NULL),
	 (73,'승인 리스트 게시판 댓글 내용12','2020-09-29 21:50:40.0','1.1.1.1','https://placeimg.com/400/400/any?1','4d6877231ba64b9597a1971ebae66694','2020-09-29 21:50:40.0','1.1.1.1',NULL,'OPEN',121,4,4,NULL),
	 (74,'승인 리스트 게시판 댓글 내용13','2020-09-29 21:50:40.0','1.1.1.1','https://placeimg.com/400/400/any?1','4d6877231ba64b9597a1971ebae66694','2020-09-29 21:50:40.0','1.1.1.1',NULL,'OPEN',121,4,4,NULL),
	 (75,'승인 리스트 게시판 댓글 내용14','2020-09-29 21:50:40.0','1.1.1.1','https://placeimg.com/400/400/any?1','4d6877231ba64b9597a1971ebae66694','2020-09-29 21:50:40.0','1.1.1.1',NULL,'OPEN',121,4,4,NULL),
	 (76,'승인 블로그 게시판 댓글 내용0','2020-09-29 21:50:40.0','1.1.1.1','https://placeimg.com/400/400/any?1','b09d43a243a241a880b9d88e74ef267f','2020-09-29 21:50:40.0','1.1.1.1',NULL,'OPEN',141,4,4,NULL),
	 (77,'승인 블로그 게시판 댓글 내용1','2020-09-29 21:50:40.0','1.1.1.1','https://placeimg.com/400/400/any?1','b09d43a243a241a880b9d88e74ef267f','2020-09-29 21:50:40.0','1.1.1.1',NULL,'OPEN',141,4,4,NULL),
	 (78,'승인 블로그 게시판 댓글 내용2','2020-09-29 21:50:40.0','1.1.1.1','https://placeimg.com/400/400/any?1','b09d43a243a241a880b9d88e74ef267f','2020-09-29 21:50:40.0','1.1.1.1',NULL,'OPEN',141,4,4,NULL),
	 (79,'승인 블로그 게시판 댓글 내용3','2020-09-29 21:50:40.0','1.1.1.1','https://placeimg.com/400/400/any?1','b09d43a243a241a880b9d88e74ef267f','2020-09-29 21:50:40.0','1.1.1.1',NULL,'OPEN',141,4,4,NULL),
	 (80,'승인 블로그 게시판 댓글 내용4','2020-09-29 21:50:40.0','1.1.1.1','https://placeimg.com/400/400/any?1','b09d43a243a241a880b9d88e74ef267f','2020-09-29 21:50:40.0','1.1.1.1',NULL,'OPEN',141,4,4,NULL),
	 (81,'승인 블로그 게시판 댓글 내용5','2020-09-29 21:50:40.0','1.1.1.1','https://placeimg.com/400/400/any?1','b09d43a243a241a880b9d88e74ef267f','2020-09-29 21:50:40.0','1.1.1.1',NULL,'OPEN',141,4,4,NULL),
	 (82,'승인 블로그 게시판 댓글 내용6','2020-09-29 21:50:40.0','1.1.1.1','https://placeimg.com/400/400/any?1','b09d43a243a241a880b9d88e74ef267f','2020-09-29 21:50:40.0','1.1.1.1',NULL,'OPEN',141,4,4,NULL),
	 (83,'승인 블로그 게시판 댓글 내용7','2020-09-29 21:50:40.0','1.1.1.1','https://placeimg.com/400/400/any?1','b09d43a243a241a880b9d88e74ef267f','2020-09-29 21:50:40.0','1.1.1.1',NULL,'OPEN',141,4,4,NULL),
	 (84,'승인 블로그 게시판 댓글 내용8','2020-09-29 21:50:40.0','1.1.1.1','https://placeimg.com/400/400/any?1','b09d43a243a241a880b9d88e74ef267f','2020-09-29 21:50:40.0','1.1.1.1',NULL,'OPEN',141,4,4,NULL),
	 (85,'승인 블로그 게시판 댓글 내용9','2020-09-29 21:50:40.0','1.1.1.1','https://placeimg.com/400/400/any?1','b09d43a243a241a880b9d88e74ef267f','2020-09-29 21:50:40.0','1.1.1.1',NULL,'OPEN',141,4,4,NULL),
	 (86,'승인 블로그 게시판 댓글 내용10','2020-09-29 21:50:40.0','1.1.1.1','https://placeimg.com/400/400/any?1','b09d43a243a241a880b9d88e74ef267f','2020-09-29 21:50:40.0','1.1.1.1',NULL,'OPEN',141,4,4,NULL),
	 (87,'승인 블로그 게시판 댓글 내용11','2020-09-29 21:50:40.0','1.1.1.1','https://placeimg.com/400/400/any?1','b09d43a243a241a880b9d88e74ef267f','2020-09-29 21:50:40.0','1.1.1.1',NULL,'OPEN',141,4,4,NULL),
	 (88,'승인 블로그 게시판 댓글 내용12','2020-09-29 21:50:40.0','1.1.1.1','https://placeimg.com/400/400/any?1','b09d43a243a241a880b9d88e74ef267f','2020-09-29 21:50:40.0','1.1.1.1',NULL,'OPEN',141,4,4,NULL),
	 (89,'승인 블로그 게시판 댓글 내용13','2020-09-29 21:50:40.0','1.1.1.1','https://placeimg.com/400/400/any?1','b09d43a243a241a880b9d88e74ef267f','2020-09-29 21:50:40.0','1.1.1.1',NULL,'OPEN',141,4,4,NULL),
	 (90,'승인 블로그 게시판 댓글 내용14','2020-09-29 21:50:40.0','1.1.1.1','https://placeimg.com/400/400/any?1','b09d43a243a241a880b9d88e74ef267f','2020-09-29 21:50:40.0','1.1.1.1',NULL,'OPEN',141,4,4,NULL),
	 (91,'관리자 리스트 대댓글0','2020-09-29 21:50:40.0','1.1.1.1','https://placeimg.com/400/400/any?1','f5f2883f9da1413a80b89b056b579a2b','2020-09-29 21:50:40.0','1.1.1.1',NULL,'OPEN',1,4,4,1),
	 (92,'관리자 리스트 대댓글1','2020-09-29 21:50:40.0','1.1.1.1','https://placeimg.com/400/400/any?1','f5f2883f9da1413a80b89b056b579a2b','2020-09-29 21:50:40.0','1.1.1.1',NULL,'OPEN',1,4,4,1),
	 (93,'관리자 리스트 대댓글2','2020-09-29 21:50:40.0','1.1.1.1','https://placeimg.com/400/400/any?1','f5f2883f9da1413a80b89b056b579a2b','2020-09-29 21:50:40.0','1.1.1.1',NULL,'OPEN',1,4,4,1),
	 (94,'관리자 리스트 대댓글3','2020-09-29 21:50:40.0','1.1.1.1','https://placeimg.com/400/400/any?1','f5f2883f9da1413a80b89b056b579a2b','2020-09-29 21:50:40.0','1.1.1.1',NULL,'OPEN',1,4,4,1),
	 (95,'관리자 리스트 대댓글4','2020-09-29 21:50:40.0','1.1.1.1','https://placeimg.com/400/400/any?1','f5f2883f9da1413a80b89b056b579a2b','2020-09-29 21:50:40.0','1.1.1.1',NULL,'OPEN',1,4,4,1),
	 (96,'관리자 리스트 대댓글5','2020-09-29 21:50:40.0','1.1.1.1','https://placeimg.com/400/400/any?1','f5f2883f9da1413a80b89b056b579a2b','2020-09-29 21:50:40.0','1.1.1.1',NULL,'OPEN',1,4,4,1),
	 (97,'관리자 리스트 대댓글6','2020-09-29 21:50:40.0','1.1.1.1','https://placeimg.com/400/400/any?1','f5f2883f9da1413a80b89b056b579a2b','2020-09-29 21:50:40.0','1.1.1.1',NULL,'OPEN',1,4,4,1),
	 (98,'관리자 리스트 대댓글7','2020-09-29 21:50:40.0','1.1.1.1','https://placeimg.com/400/400/any?1','f5f2883f9da1413a80b89b056b579a2b','2020-09-29 21:50:40.0','1.1.1.1',NULL,'OPEN',1,4,4,1),
	 (99,'관리자 리스트 대댓글8','2020-09-29 21:50:40.0','1.1.1.1','https://placeimg.com/400/400/any?1','f5f2883f9da1413a80b89b056b579a2b','2020-09-29 21:50:40.0','1.1.1.1',NULL,'OPEN',1,4,4,1),
	 (100,'관리자 리스트 대댓글9','2020-09-29 21:50:40.0','1.1.1.1','https://placeimg.com/400/400/any?1','f5f2883f9da1413a80b89b056b579a2b','2020-09-29 21:50:40.0','1.1.1.1',NULL,'OPEN',1,4,4,1);
INSERT INTO base_node_test.TB_EMAIL_LOG (EMAIL_LOG_ID,CONTENT,REG_DT,MAIL_FROM,SEND_TYPE,TITLE,MAIL_TO) VALUES
	 (4,'<html lang="ko">
<head>
  <meta charset="UTF-8">
  <title>가입 환영</title>
</head>
<body style="margin:0;">
<table width="600" border="0" cellpadding="0" cellspacing="0">
  <tbody>
  <tr>
    <td style="padding: 0 20px;">
      <table border="0" width="560" cellpadding="0" cellspacing="0">
        <tbody>
        <tr>
          <td></td>
        </tr>
        <tr>
          <td>
            <p>사이트명 홈페이지의 회원가입이 완료되었습니다.<br/>
              보다 쉽고 편하게 서비스를 이용하실 수 있습니다.<br/>
              감사합니다.
            </p>
          </td>
        </tr>
        <tr>
          <td>
            <a href="http://localhost:8080">홈페이지 바로가기</a>
          </td>
        </tr>
        </tbody>
      </table>
    </td>
  </tr>
  </tbody>
</table>
</body>
</html>','2020-09-29 21:52:28.0','test@gmail.com','WELCOME','[사이트명] 회원가입이 완료되었습니다.','["test12345@test.com"]'),
	 (5,'<html lang="ko">
<head>
  <meta charset="UTF-8">
  <title>가입 환영</title>
</head>
<body style="margin:0;">
<table width="600" border="0" cellpadding="0" cellspacing="0">
  <tbody>
  <tr>
    <td style="padding: 0 20px;">
      <table border="0" width="560" cellpadding="0" cellspacing="0">
        <tbody>
        <tr>
          <td></td>
        </tr>
        <tr>
          <td>
            <p>사이트명 홈페이지의 회원가입이 완료되었습니다.<br/>
              보다 쉽고 편하게 서비스를 이용하실 수 있습니다.<br/>
              감사합니다.
            </p>
          </td>
        </tr>
        <tr>
          <td>
            <a href="http://localhost:8080">홈페이지 바로가기</a>
          </td>
        </tr>
        </tbody>
      </table>
    </td>
  </tr>
  </tbody>
</table>
</body>
</html>','2020-09-29 21:52:28.0','test@gmail.com','WELCOME','[사이트명] 회원가입이 완료되었습니다.','["test12345@test.com"]'),
	 (6,'<html lang="ko">
<head>
  <meta charset="UTF-8">
  <title>비밀번호 설정</title>
</head>
<body style="margin:0;">
<table width="600" border="0" cellpadding="0" cellspacing="0">
  <tbody>
  <tr>
    <td style="padding: 0 20px;">
      <table border="0" width="560" cellpadding="0" cellspacing="0">
        <tbody>
        <tr>
          <td></td>
        </tr>
        <tr>
          <td>
            <p>본 이메일은 비밀번호 재설정을 위하여 발송되었습니다.<br/>
              아래 비밀번호 재설정 버튼을 누른 뒤,<br/>
              새로운 비밀번호를 등록해주시기 바랍니다.
            </p>
          </td>
        </tr>
        <tr>
          <td>
            <a href="http://localhost:8080/user/reset-password.do?token=fc77d4c4a52b4acdbb3d7b0ef694554d">비밀번호 재설정</a>
          </td>
        </tr>
        </tbody>
      </table>
    </td>
  </tr>
  </tbody>
</table>
</body>
</html>','2020-09-29 21:52:32.0','test@gmail.com','RESET_PASSWORD','[사이트명] 비밀번호 변경안내','["test@test5.com"]'),
	 (7,'<html lang="ko">
<head>
  <meta charset="UTF-8">
  <title>휴면계정 전환안내</title>
</head>
<body style="margin:0;">
<table width="600" border="0" cellpadding="0" cellspacing="0">
  <tbody>
  <tr>
    <td style="padding: 0 20px;">
      <table border="0" width="560" cellpadding="0" cellspacing="0">
        <tbody>
        <tr>
          <td></td>
        </tr>
        <tr>
          <td>
            <p> 님의 계정이 장기간 미접속으로 휴면처리되어 보관될 예정입니다.<br/>
              휴면 계정 전환을 원하지 않으시면 휴면 계정 전환 예정일 전에<br/>
              홈페이지에 접속하여 로그인을 진행해주세요. 감사합니다.
            </p>
            <p>계정 정보 : </p>
            <p>마지막 접속일자 : 2019-11-09</p>
            <p>휴면 계정 전환 예정일: 2020-11-09</p>
          </td>
        </tr>
        <tr>
          <td>
            <a href="http://localhost:8080">사이트 방문하기</a>
          </td>
        </tr>
        </tbody>
      </table>
    </td>
  </tr>
  </tbody>
</table>
</body>
</html>','2020-09-29 21:52:43.0','test@gmail.com','DEACTIVATE','[사이트명] 휴면 계정 전환 안내','["sleeptarget2@test.com"]');
INSERT INTO base_node_test.TB_ERROR_LOG (ERROR_LOG_ID,REG_DT,ERROR_DETAIL,ERROR_TITLE) VALUES
	 (1,'2020-03-25 18:16:39.0','java.lang.ArithmeticException: / by zero
	at com.base.boot.domain.siteconfig.controller.web.AdminSiteConfigController.errlog(AdminSiteConfigController.java:33)
	at com.base.boot.domain.siteconfig.controller.web.AdminSiteConfigController$$FastClassBySpringCGLIB$$fe727d84.invoke(<generated>)
	at org.springframework.cglib.proxy.MethodProxy.invoke(MethodProxy.java:218)
	at org.springframework.aop.framework.CglibAopProxy$CglibMethodInvocation.invokeJoinpoint(CglibAopProxy.java:769)
	at org.springframework.aop.framework.ReflectiveMethodInvocation.proceed(ReflectiveMethodInvocation.java:163)
	at org.springframework.aop.framework.CglibAopProxy$CglibMethodInvocation.proceed(CglibAopProxy.java:747)
	at org.springframework.aop.aspectj.AspectJAfterThrowingAdvice.invoke(AspectJAfterThrowingAdvice.java:62)
	at org.springframework.aop.framework.ReflectiveMethodInvocation.proceed(ReflectiveMethodInvocation.java:186)
	at org.springframework.aop.framework.CglibAopProxy$CglibMethodInvocation.proceed(CglibAopProxy.java:747)
	at org.springframework.aop.interceptor.ExposeInvocationInterceptor.invoke(ExposeInvocationInterceptor.java:95)
	at org.springframework.aop.framework.ReflectiveMethodInvocation.proceed(ReflectiveMethodInvocation.java:186)
	at org.springframework.aop.framework.CglibAopProxy$CglibMethodInvocation.proceed(CglibAopProxy.java:747)
	at org.springframework.aop.framework.CglibAopProxy$DynamicAdvisedInterceptor.intercept(CglibAopProxy.java:689)
	at com.base.boot.domain.siteconfig.controller.web.AdminSiteConfigController$$EnhancerBySpringCGLIB$$4febacb0.errlog(<generated>)
	at sun.reflect.NativeMethodAccessorImpl.invoke0(Native Method)
	at sun.reflect.NativeMethodAccessorImpl.invoke(NativeMethodAccessorImpl.java:62)
	at sun.reflect.DelegatingMethodAccessorImpl.invoke(DelegatingMethodAccessorImpl.java:43)
	at java.lang.reflect.Method.invoke(Method.java:498)
	at org.springframework.web.method.support.InvocableHandlerMethod.doInvoke(InvocableHandlerMethod.java:190)
	at org.springframework.web.method.support.InvocableHandlerMethod.invokeForRequest(InvocableHandlerMethod.java:138)
	at org.springframework.web.servlet.mvc.method.annotation.ServletInvocableHandlerMethod.invokeAndHandle(ServletInvocableHandlerMethod.java:106)
	at org.springframework.web.servlet.mvc.method.annotation.RequestMappingHandlerAdapter.invokeHandlerMethod(RequestMappingHandlerAdapter.java:879)
	at org.springframework.web.servlet.mvc.method.annotation.RequestMappingHandlerAdapter.handleInternal(RequestMappingHandlerAdapter.java:793)
	at org.springframework.web.servlet.mvc.method.AbstractHandlerMethodAdapter.handle(AbstractHandlerMethodAdapter.java:87)
	at org.springframework.web.servlet.DispatcherServlet.doDispatch(DispatcherServlet.java:1040)
	at org.springframework.web.servlet.DispatcherServlet.doService(DispatcherServlet.java:943)
	at org.springframework.web.servlet.FrameworkServlet.processRequest(FrameworkServlet.java:1006)
	at org.springframework.web.servlet.FrameworkServlet.doGet(FrameworkServlet.java:898)
	at javax.servlet.http.HttpServlet.service(HttpServlet.java:634)
	at org.springframework.web.servlet.FrameworkServlet.service(FrameworkServlet.java:883)
	at javax.servlet.http.HttpServlet.service(HttpServlet.java:741)
	at org.apache.catalina.core.ApplicationFilterChain.internalDoFilter(ApplicationFilterChain.java:231)
	at org.apache.catalina.core.ApplicationFilterChain.doFilter(ApplicationFilterChain.java:166)
	at org.apache.tomcat.websocket.server.WsFilter.doFilter(WsFilter.java:53)
	at org.apache.catalina.core.ApplicationFilterChain.internalDoFilter(ApplicationFilterChain.java:193)
	at org.apache.catalina.core.ApplicationFilterChain.doFilter(ApplicationFilterChain.java:166)
	at org.springframework.web.filter.AbstractRequestLoggingFilter.doFilterInternal(AbstractRequestLoggingFilter.java:289)
	at org.springframework.web.filter.OncePerRequestFilter.doFilter(OncePerRequestFilter.java:119)
	at org.apache.catalina.core.ApplicationFilterChain.internalDoFilter(ApplicationFilterChain.java:193)
	at org.apache.catalina.core.ApplicationFilterChain.doFilter(ApplicationFilterChain.java:166)
	at com.base.boot.system.auth.jwt.filter.JwtAuthenticationFilter.doFilterInternal(JwtAuthenticationFilter.java:87)
	at org.springframework.web.filter.OncePerRequestFilter.doFilter(OncePerRequestFilter.java:119)
	at org.apache.catalina.core.ApplicationFilterChain.internalDoFilter(ApplicationFilterChain.java:193)
	at org.apache.catalina.core.ApplicationFilterChain.doFilter(ApplicationFilterChain.java:166)
	at org.springframework.security.web.FilterChainProxy$VirtualFilterChain.doFilter(FilterChainProxy.java:320)
	at org.springframework.security.web.access.intercept.FilterSecurityInterceptor.invoke(FilterSecurityInterceptor.java:126)
	at org.springframework.security.web.access.intercept.FilterSecurityInterceptor.doFilter(FilterSecurityInterceptor.java:90)
	at org.springframework.security.web.FilterChainProxy$VirtualFilterChain.doFilter(FilterChainProxy.java:334)
	at org.springframework.security.web.access.ExceptionTranslationFilter.doFilter(ExceptionTranslationFilter.java:118)
	at org.springframework.security.web.FilterChainProxy$VirtualFilterChain.doFilter(FilterChainProxy.java:334)
	at org.springframework.security.web.session.SessionManagementFilter.doFilter(SessionManagementFilter.java:137)
	at org.springframework.security.web.FilterChainProxy$VirtualFilterChain.doFilter(FilterChainProxy.java:334)
	at org.springframework.security.web.authentication.AnonymousAuthenticationFilter.doFilter(AnonymousAuthenticationFilter.java:111)
	at org.springframework.security.web.FilterChainProxy$VirtualFilterChain.doFilter(FilterChainProxy.java:334)
	at org.springframework.security.web.authentication.rememberme.RememberMeAuthenticationFilter.doFilter(RememberMeAuthenticationFilter.java:158)
	at org.springframework.security.web.FilterChainProxy$VirtualFilterChain.doFilter(FilterChainProxy.java:334)
	at org.springframework.security.web.servletapi.SecurityContextHolderAwareRequestFilter.doFilter(SecurityContextHolderAwareRequestFilter.java:158)
	at org.springframework.security.web.FilterChainProxy$VirtualFilterChain.doFilter(FilterChainProxy.java:334)
	at org.springframework.security.web.savedrequest.RequestCacheAwareFilter.doFilter(RequestCacheAwareFilter.java:63)
	at org.springframework.security.web.FilterChainProxy$VirtualFilterChain.doFilter(FilterChainProxy.java:334)
	at org.springframework.security.web.authentication.AbstractAuthenticationProcessingFilter.doFilter(AbstractAuthenticationProcessingFilter.java:200)
	at org.springframework.security.web.FilterChainProxy$VirtualFilterChain.doFilter(FilterChainProxy.java:334)
	at org.springframework.security.web.authentication.AbstractAuthenticationProcessingFilter.doFilter(AbstractAuthenticationProcessingFilter.java:200)
	at org.springframework.security.web.FilterChainProxy$VirtualFilterChain.doFilter(FilterChainProxy.java:334)
	at org.springframework.security.web.authentication.logout.LogoutFilter.doFilter(LogoutFilter.java:116)
	at org.springframework.security.web.FilterChainProxy$VirtualFilterChain.doFilter(FilterChainProxy.java:334)
	at org.springframework.security.web.csrf.CsrfFilter.doFilterInternal(CsrfFilter.java:117)
	at org.springframework.web.filter.OncePerRequestFilter.doFilter(OncePerRequestFilter.java:119)
	at org.springframework.security.web.FilterChainProxy$VirtualFilterChain.doFilter(FilterChainProxy.java:334)
	at org.springframework.web.filter.CharacterEncodingFilter.doFilterInternal(CharacterEncodingFilter.java:201)
	at org.springframework.web.filter.OncePerRequestFilter.doFilter(OncePerRequestFilter.java:119)
	at org.springframework.security.web.FilterChainProxy$VirtualFilterChain.doFilter(FilterChainProxy.java:334)
	at org.springframework.security.web.header.HeaderWriterFilter.doHeadersAfter(HeaderWriterFilter.java:92)
	at org.springframework.security.web.header.HeaderWriterFilter.doFilterInternal(HeaderWriterFilter.java:77)
	at org.springframework.web.filter.OncePerRequestFilter.doFilter(OncePerRequestFilter.java:119)
	at org.springframework.security.web.FilterChainProxy$VirtualFilterChain.doFilter(FilterChainProxy.java:334)
	at org.springframework.security.web.context.SecurityContextPersistenceFilter.doFilter(SecurityContextPersistenceFilter.java:105)
	at org.springframework.security.web.FilterChainProxy$VirtualFilterChain.doFilter(FilterChainProxy.java:334)
	at org.springframework.security.web.context.request.async.WebAsyncManagerIntegrationFilter.doFilterInternal(WebAsyncManagerIntegrationFilter.java:56)
	at org.springframework.web.filter.OncePerRequestFilter.doFilter(OncePerRequestFilter.java:119)
	at org.springframework.security.web.FilterChainProxy$VirtualFilterChain.doFilter(FilterChainProxy.java:334)
	at org.springframework.security.web.FilterChainProxy.doFilterInternal(FilterChainProxy.java:215)
	at org.springframework.security.web.FilterChainProxy.doFilter(FilterChainProxy.java:178)
	at org.springframework.web.filter.DelegatingFilterProxy.invokeDelegate(DelegatingFilterProxy.java:358)
	at org.springframework.web.filter.DelegatingFilterProxy.doFilter(DelegatingFilterProxy.java:271)
	at org.apache.catalina.core.ApplicationFilterChain.internalDoFilter(ApplicationFilterChain.java:193)
	at org.apache.catalina.core.ApplicationFilterChain.doFilter(ApplicationFilterChain.java:166)
	at org.springframework.web.filter.RequestContextFilter.doFilterInternal(RequestContextFilter.java:100)
	at org.springframework.web.filter.OncePerRequestFilter.doFilter(OncePerRequestFilter.java:119)
	at org.apache.catalina.core.ApplicationFilterChain.internalDoFilter(ApplicationFilterChain.java:193)
	at org.apache.catalina.core.ApplicationFilterChain.doFilter(ApplicationFilterChain.java:166)
	at org.springframework.web.filter.FormContentFilter.doFilterInternal(FormContentFilter.java:93)
	at org.springframework.web.filter.OncePerRequestFilter.doFilter(OncePerRequestFilter.java:119)
	at org.apache.catalina.core.ApplicationFilterChain.internalDoFilter(ApplicationFilterChain.java:193)
	at org.apache.catalina.core.ApplicationFilterChain.doFilter(ApplicationFilterChain.java:166)
	at org.springframework.session.web.http.SessionRepositoryFilter.doFilterInternal(SessionRepositoryFilter.java:141)
	at org.springframework.session.web.http.OncePerRequestFilter.doFilter(OncePerRequestFilter.java:82)
	at org.apache.catalina.core.ApplicationFilterChain.internalDoFilter(ApplicationFilterChain.java:193)
	at org.apache.catalina.core.ApplicationFilterChain.doFilter(ApplicationFilterChain.java:166)
	at com.base.boot.system.errorhandle.filter.TemplateErrorHandleFilter.doFilter(TemplateErrorHandleFilter.java:29)
	at com.base.boot.system.errorhandle.filter.TemplateErrorHandleFilter$$FastClassBySpringCGLIB$$36f0da14.invoke(<generated>)
	at org.springframework.cglib.proxy.MethodProxy.invoke(MethodProxy.java:218)
	at org.springframework.aop.framework.CglibAopProxy$CglibMethodInvocation.invokeJoinpoint(CglibAopProxy.java:769)
	at org.springframework.aop.framework.ReflectiveMethodInvocation.proceed(ReflectiveMethodInvocation.java:163)
	at org.springframework.aop.framework.CglibAopProxy$CglibMethodInvocation.proceed(CglibAopProxy.java:747)
	at org.springframework.aop.aspectj.AspectJAfterThrowingAdvice.invoke(AspectJAfterThrowingAdvice.java:62)
	at org.springframework.aop.framework.ReflectiveMethodInvocation.proceed(ReflectiveMethodInvocation.java:186)
	at org.springframework.aop.framework.CglibAopProxy$CglibMethodInvocation.proceed(CglibAopProxy.java:747)
	at org.springframework.aop.interceptor.ExposeInvocationInterceptor.invoke(ExposeInvocationInterceptor.java:95)
	at org.springframework.aop.framework.ReflectiveMethodInvocation.proceed(ReflectiveMethodInvocation.java:186)
	at org.springframework.aop.framework.CglibAopProxy$CglibMethodInvocation.proceed(CglibAopProxy.java:747)
	at org.springframework.aop.framework.CglibAopProxy$DynamicAdvisedInterceptor.intercept(CglibAopProxy.java:689)
	at com.base.boot.system.errorhandle.filter.TemplateErrorHandleFilter$$EnhancerBySpringCGLIB$$24bd1c60.doFilter(<generated>)
	at org.apache.catalina.core.ApplicationFilterChain.internalDoFilter(ApplicationFilterChain.java:193)
	at org.apache.catalina.core.ApplicationFilterChain.doFilter(ApplicationFilterChain.java:166)
	at com.base.boot.system.security.filter.IpFilter.doFilterInternal(IpFilter.java:48)
	at org.springframework.web.filter.OncePerRequestFilter.doFilter(OncePerRequestFilter.java:119)
	at org.apache.catalina.core.ApplicationFilterChain.internalDoFilter(ApplicationFilterChain.java:193)
	at org.apache.catalina.core.ApplicationFilterChain.doFilter(ApplicationFilterChain.java:166)
	at org.springframework.web.filter.CharacterEncodingFilter.doFilterInternal(CharacterEncodingFilter.java:201)
	at org.springframework.web.filter.OncePerRequestFilter.doFilter(OncePerRequestFilter.java:119)
	at org.apache.catalina.core.ApplicationFilterChain.internalDoFilter(ApplicationFilterChain.java:193)
	at org.apache.catalina.core.ApplicationFilterChain.doFilter(ApplicationFilterChain.java:166)
	at com.base.boot.system.security.filter.HttpToHttpsRedirectFilter.doFilterInternal(HttpToHttpsRedirectFilter.java:44)
	at org.springframework.web.filter.OncePerRequestFilter.doFilter(OncePerRequestFilter.java:119)
	at org.apache.catalina.core.ApplicationFilterChain.internalDoFilter(ApplicationFilterChain.java:193)
	at org.apache.catalina.core.ApplicationFilterChain.doFilter(ApplicationFilterChain.java:166)
	at org.apache.catalina.core.StandardWrapperValve.invoke(StandardWrapperValve.java:202)
	at org.apache.catalina.core.StandardContextValve.invoke(StandardContextValve.java:96)
	at org.apache.catalina.authenticator.AuthenticatorBase.invoke(AuthenticatorBase.java:541)
	at org.apache.catalina.core.StandardHostValve.invoke(StandardHostValve.java:139)
	at org.apache.catalina.valves.ErrorReportValve.invoke(ErrorReportValve.java:92)
	at org.apache.catalina.core.StandardEngineValve.invoke(StandardEngineValve.java:74)
	at org.apache.catalina.valves.RemoteIpValve.invoke(RemoteIpValve.java:747)
	at org.apache.catalina.connector.CoyoteAdapter.service(CoyoteAdapter.java:343)
	at org.apache.coyote.http11.Http11Processor.service(Http11Processor.java:367)
	at org.apache.coyote.AbstractProcessorLight.process(AbstractProcessorLight.java:65)
	at org.apache.coyote.AbstractProtocol$ConnectionHandler.process(AbstractProtocol.java:868)
	at org.apache.tomcat.util.net.NioEndpoint$SocketProcessor.doRun(NioEndpoint.java:1639)
	at org.apache.tomcat.util.net.SocketProcessorBase.run(SocketProcessorBase.java:49)
	at java.util.concurrent.ThreadPoolExecutor.runWorker(ThreadPoolExecutor.java:1149)
	at java.util.concurrent.ThreadPoolExecutor$Worker.run(ThreadPoolExecutor.java:624)
	at org.apache.tomcat.util.threads.TaskThread$WrappingRunnable.run(TaskThread.java:61)
	at java.lang.Thread.run(Thread.java:748)
','base-springboot(2020011001) :  AdminSiteConfigController.java, 33, / by zero
'),
	 (2,'2020-03-25 18:16:39.0','java.lang.NullPointerException: / by zero
	at com.base.boot.domain.siteconfig.controller.web.AdminSiteConfigController.errlog(AdminSiteConfigController.java:34)
	at com.base.boot.domain.siteconfig.controller.web.AdminSiteConfigController$$FastClassBySpringCGLIB$$fe727d84.invoke(<generated>)
	at org.springframework.cglib.proxy.MethodProxy.invoke(MethodProxy.java:218)
	at org.springframework.aop.framework.CglibAopProxy$CglibMethodInvocation.invokeJoinpoint(CglibAopProxy.java:769)
	at org.springframework.aop.framework.ReflectiveMethodInvocation.proceed(ReflectiveMethodInvocation.java:163)
	at org.springframework.aop.framework.CglibAopProxy$CglibMethodInvocation.proceed(CglibAopProxy.java:747)
	at org.springframework.aop.aspectj.AspectJAfterThrowingAdvice.invoke(AspectJAfterThrowingAdvice.java:62)
	at org.springframework.aop.framework.ReflectiveMethodInvocation.proceed(ReflectiveMethodInvocation.java:186)
	at org.springframework.aop.framework.CglibAopProxy$CglibMethodInvocation.proceed(CglibAopProxy.java:747)
	at org.springframework.aop.interceptor.ExposeInvocationInterceptor.invoke(ExposeInvocationInterceptor.java:95)
	at org.springframework.aop.framework.ReflectiveMethodInvocation.proceed(ReflectiveMethodInvocation.java:186)
	at org.springframework.aop.framework.CglibAopProxy$CglibMethodInvocation.proceed(CglibAopProxy.java:747)
	at org.springframework.aop.framework.CglibAopProxy$DynamicAdvisedInterceptor.intercept(CglibAopProxy.java:689)
	at com.base.boot.domain.siteconfig.controller.web.AdminSiteConfigController$$EnhancerBySpringCGLIB$$4febacb0.errlog(<generated>)
	at sun.reflect.NativeMethodAccessorImpl.invoke0(Native Method)
	at sun.reflect.NativeMethodAccessorImpl.invoke(NativeMethodAccessorImpl.java:62)
	at sun.reflect.DelegatingMethodAccessorImpl.invoke(DelegatingMethodAccessorImpl.java:43)
	at java.lang.reflect.Method.invoke(Method.java:498)
	at org.springframework.web.method.support.InvocableHandlerMethod.doInvoke(InvocableHandlerMethod.java:190)
	at org.springframework.web.method.support.InvocableHandlerMethod.invokeForRequest(InvocableHandlerMethod.java:138)
	at org.springframework.web.servlet.mvc.method.annotation.ServletInvocableHandlerMethod.invokeAndHandle(ServletInvocableHandlerMethod.java:106)
	at org.springframework.web.servlet.mvc.method.annotation.RequestMappingHandlerAdapter.invokeHandlerMethod(RequestMappingHandlerAdapter.java:879)
	at org.springframework.web.servlet.mvc.method.annotation.RequestMappingHandlerAdapter.handleInternal(RequestMappingHandlerAdapter.java:793)
	at org.springframework.web.servlet.mvc.method.AbstractHandlerMethodAdapter.handle(AbstractHandlerMethodAdapter.java:87)
	at org.springframework.web.servlet.DispatcherServlet.doDispatch(DispatcherServlet.java:1040)
	at org.springframework.web.servlet.DispatcherServlet.doService(DispatcherServlet.java:943)
	at org.springframework.web.servlet.FrameworkServlet.processRequest(FrameworkServlet.java:1006)
	at org.springframework.web.servlet.FrameworkServlet.doGet(FrameworkServlet.java:898)
	at javax.servlet.http.HttpServlet.service(HttpServlet.java:634)
	at org.springframework.web.servlet.FrameworkServlet.service(FrameworkServlet.java:883)
	at javax.servlet.http.HttpServlet.service(HttpServlet.java:741)
	at org.apache.catalina.core.ApplicationFilterChain.internalDoFilter(ApplicationFilterChain.java:231)
	at org.apache.catalina.core.ApplicationFilterChain.doFilter(ApplicationFilterChain.java:166)
	at org.apache.tomcat.websocket.server.WsFilter.doFilter(WsFilter.java:53)
	at org.apache.catalina.core.ApplicationFilterChain.internalDoFilter(ApplicationFilterChain.java:193)
	at org.apache.catalina.core.ApplicationFilterChain.doFilter(ApplicationFilterChain.java:166)
	at org.springframework.web.filter.AbstractRequestLoggingFilter.doFilterInternal(AbstractRequestLoggingFilter.java:289)
	at org.springframework.web.filter.OncePerRequestFilter.doFilter(OncePerRequestFilter.java:119)
	at org.apache.catalina.core.ApplicationFilterChain.internalDoFilter(ApplicationFilterChain.java:193)
	at org.apache.catalina.core.ApplicationFilterChain.doFilter(ApplicationFilterChain.java:166)
	at com.base.boot.system.auth.jwt.filter.JwtAuthenticationFilter.doFilterInternal(JwtAuthenticationFilter.java:87)
	at org.springframework.web.filter.OncePerRequestFilter.doFilter(OncePerRequestFilter.java:119)
	at org.apache.catalina.core.ApplicationFilterChain.internalDoFilter(ApplicationFilterChain.java:193)
	at org.apache.catalina.core.ApplicationFilterChain.doFilter(ApplicationFilterChain.java:166)
	at org.springframework.security.web.FilterChainProxy$VirtualFilterChain.doFilter(FilterChainProxy.java:320)
	at org.springframework.security.web.access.intercept.FilterSecurityInterceptor.invoke(FilterSecurityInterceptor.java:126)
	at org.springframework.security.web.access.intercept.FilterSecurityInterceptor.doFilter(FilterSecurityInterceptor.java:90)
	at org.springframework.security.web.FilterChainProxy$VirtualFilterChain.doFilter(FilterChainProxy.java:334)
	at org.springframework.security.web.access.ExceptionTranslationFilter.doFilter(ExceptionTranslationFilter.java:118)
	at org.springframework.security.web.FilterChainProxy$VirtualFilterChain.doFilter(FilterChainProxy.java:334)
	at org.springframework.security.web.session.SessionManagementFilter.doFilter(SessionManagementFilter.java:137)
	at org.springframework.security.web.FilterChainProxy$VirtualFilterChain.doFilter(FilterChainProxy.java:334)
	at org.springframework.security.web.authentication.AnonymousAuthenticationFilter.doFilter(AnonymousAuthenticationFilter.java:111)
	at org.springframework.security.web.FilterChainProxy$VirtualFilterChain.doFilter(FilterChainProxy.java:334)
	at org.springframework.security.web.authentication.rememberme.RememberMeAuthenticationFilter.doFilter(RememberMeAuthenticationFilter.java:158)
	at org.springframework.security.web.FilterChainProxy$VirtualFilterChain.doFilter(FilterChainProxy.java:334)
	at org.springframework.security.web.servletapi.SecurityContextHolderAwareRequestFilter.doFilter(SecurityContextHolderAwareRequestFilter.java:158)
	at org.springframework.security.web.FilterChainProxy$VirtualFilterChain.doFilter(FilterChainProxy.java:334)
	at org.springframework.security.web.savedrequest.RequestCacheAwareFilter.doFilter(RequestCacheAwareFilter.java:63)
	at org.springframework.security.web.FilterChainProxy$VirtualFilterChain.doFilter(FilterChainProxy.java:334)
	at org.springframework.security.web.authentication.AbstractAuthenticationProcessingFilter.doFilter(AbstractAuthenticationProcessingFilter.java:200)
	at org.springframework.security.web.FilterChainProxy$VirtualFilterChain.doFilter(FilterChainProxy.java:334)
	at org.springframework.security.web.authentication.AbstractAuthenticationProcessingFilter.doFilter(AbstractAuthenticationProcessingFilter.java:200)
	at org.springframework.security.web.FilterChainProxy$VirtualFilterChain.doFilter(FilterChainProxy.java:334)
	at org.springframework.security.web.authentication.logout.LogoutFilter.doFilter(LogoutFilter.java:116)
	at org.springframework.security.web.FilterChainProxy$VirtualFilterChain.doFilter(FilterChainProxy.java:334)
	at org.springframework.security.web.csrf.CsrfFilter.doFilterInternal(CsrfFilter.java:117)
	at org.springframework.web.filter.OncePerRequestFilter.doFilter(OncePerRequestFilter.java:119)
	at org.springframework.security.web.FilterChainProxy$VirtualFilterChain.doFilter(FilterChainProxy.java:334)
	at org.springframework.web.filter.CharacterEncodingFilter.doFilterInternal(CharacterEncodingFilter.java:201)
	at org.springframework.web.filter.OncePerRequestFilter.doFilter(OncePerRequestFilter.java:119)
	at org.springframework.security.web.FilterChainProxy$VirtualFilterChain.doFilter(FilterChainProxy.java:334)
	at org.springframework.security.web.header.HeaderWriterFilter.doHeadersAfter(HeaderWriterFilter.java:92)
	at org.springframework.security.web.header.HeaderWriterFilter.doFilterInternal(HeaderWriterFilter.java:77)
	at org.springframework.web.filter.OncePerRequestFilter.doFilter(OncePerRequestFilter.java:119)
	at org.springframework.security.web.FilterChainProxy$VirtualFilterChain.doFilter(FilterChainProxy.java:334)
	at org.springframework.security.web.context.SecurityContextPersistenceFilter.doFilter(SecurityContextPersistenceFilter.java:105)
	at org.springframework.security.web.FilterChainProxy$VirtualFilterChain.doFilter(FilterChainProxy.java:334)
	at org.springframework.security.web.context.request.async.WebAsyncManagerIntegrationFilter.doFilterInternal(WebAsyncManagerIntegrationFilter.java:56)
	at org.springframework.web.filter.OncePerRequestFilter.doFilter(OncePerRequestFilter.java:119)
	at org.springframework.security.web.FilterChainProxy$VirtualFilterChain.doFilter(FilterChainProxy.java:334)
	at org.springframework.security.web.FilterChainProxy.doFilterInternal(FilterChainProxy.java:215)
	at org.springframework.security.web.FilterChainProxy.doFilter(FilterChainProxy.java:178)
	at org.springframework.web.filter.DelegatingFilterProxy.invokeDelegate(DelegatingFilterProxy.java:358)
	at org.springframework.web.filter.DelegatingFilterProxy.doFilter(DelegatingFilterProxy.java:271)
	at org.apache.catalina.core.ApplicationFilterChain.internalDoFilter(ApplicationFilterChain.java:193)
	at org.apache.catalina.core.ApplicationFilterChain.doFilter(ApplicationFilterChain.java:166)
	at org.springframework.web.filter.RequestContextFilter.doFilterInternal(RequestContextFilter.java:100)
	at org.springframework.web.filter.OncePerRequestFilter.doFilter(OncePerRequestFilter.java:119)
	at org.apache.catalina.core.ApplicationFilterChain.internalDoFilter(ApplicationFilterChain.java:193)
	at org.apache.catalina.core.ApplicationFilterChain.doFilter(ApplicationFilterChain.java:166)
	at org.springframework.web.filter.FormContentFilter.doFilterInternal(FormContentFilter.java:93)
	at org.springframework.web.filter.OncePerRequestFilter.doFilter(OncePerRequestFilter.java:119)
	at org.apache.catalina.core.ApplicationFilterChain.internalDoFilter(ApplicationFilterChain.java:193)
	at org.apache.catalina.core.ApplicationFilterChain.doFilter(ApplicationFilterChain.java:166)
	at org.springframework.session.web.http.SessionRepositoryFilter.doFilterInternal(SessionRepositoryFilter.java:141)
	at org.springframework.session.web.http.OncePerRequestFilter.doFilter(OncePerRequestFilter.java:82)
	at org.apache.catalina.core.ApplicationFilterChain.internalDoFilter(ApplicationFilterChain.java:193)
	at org.apache.catalina.core.ApplicationFilterChain.doFilter(ApplicationFilterChain.java:166)
	at com.base.boot.system.errorhandle.filter.TemplateErrorHandleFilter.doFilter(TemplateErrorHandleFilter.java:29)
	at com.base.boot.system.errorhandle.filter.TemplateErrorHandleFilter$$FastClassBySpringCGLIB$$36f0da14.invoke(<generated>)
	at org.springframework.cglib.proxy.MethodProxy.invoke(MethodProxy.java:218)
	at org.springframework.aop.framework.CglibAopProxy$CglibMethodInvocation.invokeJoinpoint(CglibAopProxy.java:769)
	at org.springframework.aop.framework.ReflectiveMethodInvocation.proceed(ReflectiveMethodInvocation.java:163)
	at org.springframework.aop.framework.CglibAopProxy$CglibMethodInvocation.proceed(CglibAopProxy.java:747)
	at org.springframework.aop.aspectj.AspectJAfterThrowingAdvice.invoke(AspectJAfterThrowingAdvice.java:62)
	at org.springframework.aop.framework.ReflectiveMethodInvocation.proceed(ReflectiveMethodInvocation.java:186)
	at org.springframework.aop.framework.CglibAopProxy$CglibMethodInvocation.proceed(CglibAopProxy.java:747)
	at org.springframework.aop.interceptor.ExposeInvocationInterceptor.invoke(ExposeInvocationInterceptor.java:95)
	at org.springframework.aop.framework.ReflectiveMethodInvocation.proceed(ReflectiveMethodInvocation.java:186)
	at org.springframework.aop.framework.CglibAopProxy$CglibMethodInvocation.proceed(CglibAopProxy.java:747)
	at org.springframework.aop.framework.CglibAopProxy$DynamicAdvisedInterceptor.intercept(CglibAopProxy.java:689)
	at com.base.boot.system.errorhandle.filter.TemplateErrorHandleFilter$$EnhancerBySpringCGLIB$$24bd1c60.doFilter(<generated>)
	at org.apache.catalina.core.ApplicationFilterChain.internalDoFilter(ApplicationFilterChain.java:193)
	at org.apache.catalina.core.ApplicationFilterChain.doFilter(ApplicationFilterChain.java:166)
	at com.base.boot.system.security.filter.IpFilter.doFilterInternal(IpFilter.java:48)
	at org.springframework.web.filter.OncePerRequestFilter.doFilter(OncePerRequestFilter.java:119)
	at org.apache.catalina.core.ApplicationFilterChain.internalDoFilter(ApplicationFilterChain.java:193)
	at org.apache.catalina.core.ApplicationFilterChain.doFilter(ApplicationFilterChain.java:166)
	at org.springframework.web.filter.CharacterEncodingFilter.doFilterInternal(CharacterEncodingFilter.java:201)
	at org.springframework.web.filter.OncePerRequestFilter.doFilter(OncePerRequestFilter.java:119)
	at org.apache.catalina.core.ApplicationFilterChain.internalDoFilter(ApplicationFilterChain.java:193)
	at org.apache.catalina.core.ApplicationFilterChain.doFilter(ApplicationFilterChain.java:166)
	at com.base.boot.system.security.filter.HttpToHttpsRedirectFilter.doFilterInternal(HttpToHttpsRedirectFilter.java:44)
	at org.springframework.web.filter.OncePerRequestFilter.doFilter(OncePerRequestFilter.java:119)
	at org.apache.catalina.core.ApplicationFilterChain.internalDoFilter(ApplicationFilterChain.java:193)
	at org.apache.catalina.core.ApplicationFilterChain.doFilter(ApplicationFilterChain.java:166)
	at org.apache.catalina.core.StandardWrapperValve.invoke(StandardWrapperValve.java:202)
	at org.apache.catalina.core.StandardContextValve.invoke(StandardContextValve.java:96)
	at org.apache.catalina.authenticator.AuthenticatorBase.invoke(AuthenticatorBase.java:541)
	at org.apache.catalina.core.StandardHostValve.invoke(StandardHostValve.java:139)
	at org.apache.catalina.valves.ErrorReportValve.invoke(ErrorReportValve.java:92)
	at org.apache.catalina.core.StandardEngineValve.invoke(StandardEngineValve.java:74)
	at org.apache.catalina.valves.RemoteIpValve.invoke(RemoteIpValve.java:747)
	at org.apache.catalina.connector.CoyoteAdapter.service(CoyoteAdapter.java:343)
	at org.apache.coyote.http11.Http11Processor.service(Http11Processor.java:367)
	at org.apache.coyote.AbstractProcessorLight.process(AbstractProcessorLight.java:65)
	at org.apache.coyote.AbstractProtocol$ConnectionHandler.process(AbstractProtocol.java:868)
	at org.apache.tomcat.util.net.NioEndpoint$SocketProcessor.doRun(NioEndpoint.java:1639)
	at org.apache.tomcat.util.net.SocketProcessorBase.run(SocketProcessorBase.java:49)
	at java.util.concurrent.ThreadPoolExecutor.runWorker(ThreadPoolExecutor.java:1149)
	at java.util.concurrent.ThreadPoolExecutor$Worker.run(ThreadPoolExecutor.java:624)
	at org.apache.tomcat.util.threads.TaskThread$WrappingRunnable.run(TaskThread.java:61)
	at java.lang.Thread.run(Thread.java:748)
','base-springboot(2020011001) :  AdminSiteConfigController.java, 34, / by zero
');
INSERT INTO base_node_test.TB_POPUP (POPUP_ID,REG_DT,REG_IP,POPUP_DESKTOP_IMAGE,POPUP_ED_DATE,MENU_UID,POPUP_MOBILE_IMAGE,CHG_DT,CHG_IP,NEW_WINDOW_YN,POPUP_POSITION,POPUP_TYPE,POPUP_ST_DATE,STATUS,POPUP_TITLE,POPUP_TXT,POPUP_TXT_CONTENT,POPUP_URL,REG_ID,CHG_ID) VALUES
	 (1,'2020-09-29 21:50:25.0','1.1.1.1','https://placeimg.com/500/500/any?1','2020-10-19','PORTAL','https://placeimg.com/500/500/any?1','2020-09-29 21:50:25.0','1.1.1.1',1,'TOP_LEFT','DIALOG_IMG','2020-09-29','OPEN','모달 이미지','','','https://google.co.kr',12,12),
	 (2,'2020-09-29 21:50:25.0','1.1.1.1','https://placeimg.com/400/400/any?1','2020-10-19','51986034abe745dfbecc2efc9058960b','https://placeimg.com/400/400/any?1','2020-09-29 21:50:25.0','1.1.1.1',1,NULL,'TOP_BANNER','2020-10-09','OPEN','상단 띠배너','상단 띠배너 텍스트','','https://google.co.kr',12,12),
	 (3,'2020-09-29 21:50:25.0','1.1.1.1','https://placeimg.com/400/400/any?1','2020-10-19','b3aad9a2029641ef8eb2f50564a12ca4','https://placeimg.com/400/400/any?1','2020-09-29 21:50:25.0','1.1.1.1',1,'TOP_RIGHT','DIALOG_TEXT','2020-09-29','OPEN','모달 텍스트 ','모달 텍스트','모달 텍스트','https://google.co.kr',12,12),
	 (4,'2020-09-29 21:50:25.0','1.1.1.1','https://placeimg.com/400/400/any?1','2020-10-19','4d15f5c02d38477ea5e9d17911c910a4','https://placeimg.com/400/400/any?1','2020-09-29 21:50:25.0','1.1.1.1',0,NULL,'NEW_WINDOW','2020-09-29','OPEN','새창 띄우기','','','https://google.co.kr',12,12);
INSERT INTO base_node_test.TB_SCHEDULE_JOB (SCHEDULE_JOB_ID,JOB_NAME,CHG_DT,CHG_IP,RUN_YN,CHG_ID) VALUES
	 ('CHECK_DB_FAIL','DB 장애 검사','2020-09-29 21:50:09.0','1.1.1.1',1,NULL),
	 ('STATISTICS','통계 작업','2020-09-29 21:50:09.0','1.1.1.1',0,NULL),
	 ('USER_BATCH','회원 배치 작업','2020-09-29 21:50:09.0','1.1.1.1',1,NULL);
INSERT INTO base_node_test.TB_SCHEDULE_JOB_LOG (SCHEDULE_LOG_ID,ERROR_DETAIL,ERROR_TITLE,JOB_LOG_TYPE,JOB_NAME,LOG_DT,SCHEDULE_JOB_ID) VALUES
	 (1,NULL,NULL,'START','회원 배치 작업','2020-09-26 21:50:09.0','USER_BATCH'),
	 (2,NULL,NULL,'END','회원 배치 작업','2020-09-26 21:50:09.0','USER_BATCH'),
	 (3,NULL,NULL,'START','회원 배치 작업','2020-09-27 21:50:09.0','USER_BATCH'),
	 (4,NULL,NULL,'END','회원 배치 작업','2020-09-27 21:50:09.0','USER_BATCH'),
	 (5,NULL,NULL,'START','회원 배치 작업','2020-09-28 21:50:09.0','USER_BATCH'),
	 (6,NULL,NULL,'END','회원 배치 작업','2020-09-28 21:50:09.0','USER_BATCH'),
	 (7,NULL,NULL,'START','DB 장애 검사','2020-09-24 21:50:09.0','CHECK_DB_FAIL'),
	 (8,NULL,NULL,'END','DB 장애 검사','2020-09-24 21:50:09.0','CHECK_DB_FAIL'),
	 (9,NULL,NULL,'START','DB 장애 검사','2020-09-25 21:50:09.0','CHECK_DB_FAIL'),
	 (10,NULL,NULL,'END','DB 장애 검사','2020-09-25 21:50:09.0','CHECK_DB_FAIL'),
	 (11,NULL,NULL,'START','DB 장애 검사','2020-09-26 21:50:09.0','CHECK_DB_FAIL'),
	 (12,NULL,NULL,'END','DB 장애 검사','2020-09-26 21:50:09.0','CHECK_DB_FAIL');
INSERT INTO base_node_test.TB_SITE_CONFIG (SITE_CONFIG_ID,REG_DT,REG_IP,DESIGN_TEMPLATE,EMAIL_YN,ERROR_NOTI_YN,FACEBOOK_APP_ID,FACEBOOK_APP_SECRET_CODE,GOOGLE_ANALYTICS_ID,GITHUB_CLIENT_ID,GITHUB_CLIENT_SECRET,GOOGLE_CLIENT_ID,GOOGLE_CLIENT_SECRET,GOOGLE_SITE_VERIFICATION,KAKAO_JAVASCRIPT_KEY,KAKAO_RESTAPI_KEY,CHG_DT,CHG_IP,NAVER_CLIENT_ID,NAVER_CLIENT_SECRET,NAVER_SITE_VERIFICATION,NOTI_SLACK_CHANNEL_NAME,RECAPTCHA_V3_SCORE,RECAPTCHA_V2_CLIENT,RECAPTCHA_V2_SERVER,RECAPTCHA_V3_CLIENT,RECAPTCHA_V3_SERVER,REPRESENT_ADDRESS,REPRESENT_EMAIL,REPRESENT_FACEBOOK,REPRESENT_FAX,REPRESENT_INSTAGRAM,REPRESENT_KAKAO,REPRESENT_NAVER,REPRESENT_PHONE,REPRESENT_TWITTER,REPRESENT_YOUTUBE,SEO_SITE_COPYRIGHT,SEO_SITE_DESC,SEO_SITE_KEYWORDS,SITE_NAME,SEO_SITE_SUBJECT,SLACK_BOT_OAUTH_TOKEN,SLEEP_USER_INSTANT_DESTROY_YN,REG_ID,CHG_ID) VALUES
	 (1,'2020-09-29 21:50:09.0','1.1.1.1','BASIC_DESIGN',1,1,'페이스북 앱ID','페이스북 앱 시크릿코드','gaId','Github클라이언트ID','Github클라이언트시크릿','구글클라이언트ID','구글클라이언트보안','googlewebmastermetatagcode','카카오자바스크립트키','카카오RestApi키','2020-09-29 21:50:10.0','1.1.1.1','네이버클라이언트ID','네이버클라이언트시크릿','naverwebmastermetatagcode','base-java-noti',0.5,'recaptchaV2client','recaptchaV2Server','recaptchaV3client','recaptchaV3Server','제주도 서귀포시','base@base.co.kr','https://facebook.com/test','02-0000-0000','https://instagram.com/test','https://kakao.com/test','https://blog.naver.com/test','02-0000-0000','https://twitter.com/test','https://youtube.com/test','base-springboot 2020, All Rights Reserved','베이스 프로젝트 설명','베이스, 스프링부트, 모듈, 템플릿프로젝트','베이스 스프링부트','자바 베이스 프로젝트 주제','slack-oauth-token',0,1,1);
INSERT INTO base_node_test.TB_TAG (TAG_ID,TAG_NAME) VALUES
	 (1,'태그1'),
	 (2,'태그2');
INSERT INTO base_node_test.TB_TAG_RELATION (OBJECT_ID,TAG_ID,TAG_TYPE) VALUES
	 (1,1,'BOARD'),
	 (2,1,'BOARD'),
	 (3,1,'BOARD'),
	 (4,1,'BOARD'),
	 (5,1,'BOARD'),
	 (6,1,'BOARD'),
	 (7,1,'BOARD'),
	 (8,1,'BOARD'),
	 (9,1,'BOARD'),
	 (10,1,'BOARD'),
	 (11,1,'BOARD'),
	 (12,1,'BOARD'),
	 (13,1,'BOARD'),
	 (14,1,'BOARD'),
	 (15,1,'BOARD'),
	 (16,1,'BOARD'),
	 (17,1,'BOARD'),
	 (18,1,'BOARD'),
	 (19,1,'BOARD'),
	 (20,1,'BOARD'),
	 (21,1,'BOARD'),
	 (22,1,'BOARD'),
	 (23,1,'BOARD'),
	 (24,1,'BOARD'),
	 (25,1,'BOARD'),
	 (26,1,'BOARD'),
	 (27,1,'BOARD'),
	 (28,1,'BOARD'),
	 (29,1,'BOARD'),
	 (30,1,'BOARD'),
	 (31,1,'BOARD'),
	 (32,1,'BOARD'),
	 (33,1,'BOARD'),
	 (34,1,'BOARD'),
	 (35,1,'BOARD'),
	 (36,1,'BOARD'),
	 (37,1,'BOARD'),
	 (38,1,'BOARD'),
	 (39,1,'BOARD'),
	 (40,1,'BOARD'),
	 (41,1,'BOARD'),
	 (42,1,'BOARD'),
	 (43,1,'BOARD'),
	 (44,1,'BOARD'),
	 (45,1,'BOARD'),
	 (46,1,'BOARD'),
	 (47,1,'BOARD'),
	 (48,1,'BOARD'),
	 (49,1,'BOARD'),
	 (50,1,'BOARD'),
	 (51,1,'BOARD'),
	 (52,1,'BOARD'),
	 (53,1,'BOARD'),
	 (54,1,'BOARD'),
	 (55,1,'BOARD'),
	 (56,1,'BOARD'),
	 (57,1,'BOARD'),
	 (58,1,'BOARD'),
	 (59,1,'BOARD'),
	 (60,1,'BOARD'),
	 (61,1,'BOARD'),
	 (62,1,'BOARD'),
	 (63,1,'BOARD'),
	 (64,1,'BOARD'),
	 (65,1,'BOARD'),
	 (66,1,'BOARD'),
	 (67,1,'BOARD'),
	 (68,1,'BOARD'),
	 (69,1,'BOARD'),
	 (70,1,'BOARD'),
	 (71,1,'BOARD'),
	 (72,1,'BOARD'),
	 (73,1,'BOARD'),
	 (74,1,'BOARD'),
	 (75,1,'BOARD'),
	 (76,1,'BOARD'),
	 (77,1,'BOARD'),
	 (78,1,'BOARD'),
	 (79,1,'BOARD'),
	 (80,1,'BOARD'),
	 (81,1,'BOARD'),
	 (82,1,'BOARD'),
	 (83,1,'BOARD'),
	 (84,1,'BOARD'),
	 (85,1,'BOARD'),
	 (86,1,'BOARD'),
	 (87,1,'BOARD'),
	 (88,1,'BOARD'),
	 (89,1,'BOARD'),
	 (90,1,'BOARD'),
	 (91,1,'BOARD'),
	 (92,1,'BOARD'),
	 (93,1,'BOARD'),
	 (94,1,'BOARD'),
	 (95,1,'BOARD'),
	 (96,1,'BOARD'),
	 (97,1,'BOARD'),
	 (98,1,'BOARD'),
	 (99,1,'BOARD'),
	 (100,1,'BOARD'),
	 (101,1,'BOARD'),
	 (102,1,'BOARD'),
	 (103,1,'BOARD'),
	 (104,1,'BOARD'),
	 (105,1,'BOARD'),
	 (106,1,'BOARD'),
	 (107,1,'BOARD'),
	 (108,1,'BOARD'),
	 (109,1,'BOARD'),
	 (110,1,'BOARD'),
	 (111,1,'BOARD'),
	 (112,1,'BOARD'),
	 (113,1,'BOARD'),
	 (114,1,'BOARD'),
	 (115,1,'BOARD'),
	 (116,1,'BOARD'),
	 (117,1,'BOARD'),
	 (118,1,'BOARD'),
	 (119,1,'BOARD'),
	 (120,1,'BOARD'),
	 (121,1,'BOARD'),
	 (122,1,'BOARD'),
	 (123,1,'BOARD'),
	 (124,1,'BOARD'),
	 (125,1,'BOARD'),
	 (126,1,'BOARD'),
	 (127,1,'BOARD'),
	 (128,1,'BOARD'),
	 (129,1,'BOARD'),
	 (130,1,'BOARD'),
	 (131,1,'BOARD'),
	 (132,1,'BOARD'),
	 (133,1,'BOARD'),
	 (134,1,'BOARD'),
	 (135,1,'BOARD'),
	 (136,1,'BOARD'),
	 (137,1,'BOARD'),
	 (138,1,'BOARD'),
	 (139,1,'BOARD'),
	 (140,1,'BOARD'),
	 (141,1,'BOARD'),
	 (142,1,'BOARD'),
	 (143,1,'BOARD'),
	 (144,1,'BOARD'),
	 (145,1,'BOARD'),
	 (146,1,'BOARD'),
	 (147,1,'BOARD'),
	 (148,1,'BOARD'),
	 (149,1,'BOARD'),
	 (150,1,'BOARD'),
	 (151,1,'BOARD'),
	 (152,1,'BOARD'),
	 (153,1,'BOARD'),
	 (154,1,'BOARD'),
	 (155,1,'BOARD'),
	 (156,1,'BOARD'),
	 (157,1,'BOARD'),
	 (158,1,'BOARD'),
	 (159,1,'BOARD'),
	 (160,1,'BOARD'),
	 (161,1,'BOARD'),
	 (162,1,'BOARD'),
	 (163,1,'BOARD'),
	 (164,1,'BOARD'),
	 (165,1,'BOARD'),
	 (166,1,'BOARD'),
	 (167,1,'BOARD'),
	 (168,1,'BOARD'),
	 (169,1,'BOARD'),
	 (170,1,'BOARD'),
	 (171,1,'BOARD'),
	 (172,1,'BOARD'),
	 (173,1,'BOARD'),
	 (174,1,'BOARD'),
	 (175,1,'BOARD'),
	 (176,1,'BOARD'),
	 (177,1,'BOARD'),
	 (178,1,'BOARD'),
	 (179,1,'BOARD'),
	 (180,1,'BOARD'),
	 (1,2,'BOARD'),
	 (2,2,'BOARD'),
	 (3,2,'BOARD'),
	 (4,2,'BOARD'),
	 (5,2,'BOARD'),
	 (6,2,'BOARD'),
	 (7,2,'BOARD'),
	 (8,2,'BOARD'),
	 (9,2,'BOARD'),
	 (10,2,'BOARD'),
	 (11,2,'BOARD'),
	 (12,2,'BOARD'),
	 (13,2,'BOARD'),
	 (14,2,'BOARD'),
	 (15,2,'BOARD'),
	 (16,2,'BOARD'),
	 (17,2,'BOARD'),
	 (18,2,'BOARD'),
	 (19,2,'BOARD'),
	 (20,2,'BOARD'),
	 (21,2,'BOARD'),
	 (22,2,'BOARD'),
	 (23,2,'BOARD'),
	 (24,2,'BOARD'),
	 (25,2,'BOARD'),
	 (26,2,'BOARD'),
	 (27,2,'BOARD'),
	 (28,2,'BOARD'),
	 (29,2,'BOARD'),
	 (30,2,'BOARD'),
	 (31,2,'BOARD'),
	 (32,2,'BOARD'),
	 (33,2,'BOARD'),
	 (34,2,'BOARD'),
	 (35,2,'BOARD'),
	 (36,2,'BOARD'),
	 (37,2,'BOARD'),
	 (38,2,'BOARD'),
	 (39,2,'BOARD'),
	 (40,2,'BOARD'),
	 (41,2,'BOARD'),
	 (42,2,'BOARD'),
	 (43,2,'BOARD'),
	 (44,2,'BOARD'),
	 (45,2,'BOARD'),
	 (46,2,'BOARD'),
	 (47,2,'BOARD'),
	 (48,2,'BOARD'),
	 (49,2,'BOARD'),
	 (50,2,'BOARD'),
	 (51,2,'BOARD'),
	 (52,2,'BOARD'),
	 (53,2,'BOARD'),
	 (54,2,'BOARD'),
	 (55,2,'BOARD'),
	 (56,2,'BOARD'),
	 (57,2,'BOARD'),
	 (58,2,'BOARD'),
	 (59,2,'BOARD'),
	 (60,2,'BOARD'),
	 (61,2,'BOARD'),
	 (62,2,'BOARD'),
	 (63,2,'BOARD'),
	 (64,2,'BOARD'),
	 (65,2,'BOARD'),
	 (66,2,'BOARD'),
	 (67,2,'BOARD'),
	 (68,2,'BOARD'),
	 (69,2,'BOARD'),
	 (70,2,'BOARD'),
	 (71,2,'BOARD'),
	 (72,2,'BOARD'),
	 (73,2,'BOARD'),
	 (74,2,'BOARD'),
	 (75,2,'BOARD'),
	 (76,2,'BOARD'),
	 (77,2,'BOARD'),
	 (78,2,'BOARD'),
	 (79,2,'BOARD'),
	 (80,2,'BOARD'),
	 (81,2,'BOARD'),
	 (82,2,'BOARD'),
	 (83,2,'BOARD'),
	 (84,2,'BOARD'),
	 (85,2,'BOARD'),
	 (86,2,'BOARD'),
	 (87,2,'BOARD'),
	 (88,2,'BOARD'),
	 (89,2,'BOARD'),
	 (90,2,'BOARD'),
	 (91,2,'BOARD'),
	 (92,2,'BOARD'),
	 (93,2,'BOARD'),
	 (94,2,'BOARD'),
	 (95,2,'BOARD'),
	 (96,2,'BOARD'),
	 (97,2,'BOARD'),
	 (98,2,'BOARD'),
	 (99,2,'BOARD'),
	 (100,2,'BOARD'),
	 (101,2,'BOARD'),
	 (102,2,'BOARD'),
	 (103,2,'BOARD'),
	 (104,2,'BOARD'),
	 (105,2,'BOARD'),
	 (106,2,'BOARD'),
	 (107,2,'BOARD'),
	 (108,2,'BOARD'),
	 (109,2,'BOARD'),
	 (110,2,'BOARD'),
	 (111,2,'BOARD'),
	 (112,2,'BOARD'),
	 (113,2,'BOARD'),
	 (114,2,'BOARD'),
	 (115,2,'BOARD'),
	 (116,2,'BOARD'),
	 (117,2,'BOARD'),
	 (118,2,'BOARD'),
	 (119,2,'BOARD'),
	 (120,2,'BOARD'),
	 (121,2,'BOARD'),
	 (122,2,'BOARD'),
	 (123,2,'BOARD'),
	 (124,2,'BOARD'),
	 (125,2,'BOARD'),
	 (126,2,'BOARD'),
	 (127,2,'BOARD'),
	 (128,2,'BOARD'),
	 (129,2,'BOARD'),
	 (130,2,'BOARD'),
	 (131,2,'BOARD'),
	 (132,2,'BOARD'),
	 (133,2,'BOARD'),
	 (134,2,'BOARD'),
	 (135,2,'BOARD'),
	 (136,2,'BOARD'),
	 (137,2,'BOARD'),
	 (138,2,'BOARD'),
	 (139,2,'BOARD'),
	 (140,2,'BOARD'),
	 (141,2,'BOARD'),
	 (142,2,'BOARD'),
	 (143,2,'BOARD'),
	 (144,2,'BOARD'),
	 (145,2,'BOARD'),
	 (146,2,'BOARD'),
	 (147,2,'BOARD'),
	 (148,2,'BOARD'),
	 (149,2,'BOARD'),
	 (150,2,'BOARD'),
	 (151,2,'BOARD'),
	 (152,2,'BOARD'),
	 (153,2,'BOARD'),
	 (154,2,'BOARD'),
	 (155,2,'BOARD'),
	 (156,2,'BOARD'),
	 (157,2,'BOARD'),
	 (158,2,'BOARD'),
	 (159,2,'BOARD'),
	 (160,2,'BOARD'),
	 (161,2,'BOARD'),
	 (162,2,'BOARD'),
	 (163,2,'BOARD'),
	 (164,2,'BOARD'),
	 (165,2,'BOARD'),
	 (166,2,'BOARD'),
	 (167,2,'BOARD'),
	 (168,2,'BOARD'),
	 (169,2,'BOARD'),
	 (170,2,'BOARD'),
	 (171,2,'BOARD'),
	 (172,2,'BOARD'),
	 (173,2,'BOARD'),
	 (174,2,'BOARD'),
	 (175,2,'BOARD'),
	 (176,2,'BOARD'),
	 (177,2,'BOARD'),
	 (178,2,'BOARD'),
	 (179,2,'BOARD'),
	 (180,2,'BOARD');
INSERT INTO base_node_test.TB_TERM (TERM_ID,CONTENT,REG_DT,REG_IP,CHG_DT,CHG_IP,NOW_YN,PUBLISH_DT,STATUS,REG_ID,CHG_ID,TERM_CTGRY_ID) VALUES
	 (1,'서비스 이용약관 내용','2020-09-29 21:50:26.0','1.1.1.1','2020-09-29 21:50:26.0','1.1.1.1',0,NULL,'PENDING',12,12,1),
	 (2,'개인정보 동의 내용','2020-09-29 21:50:26.0','1.1.1.1','2020-09-29 21:50:26.0','1.1.1.1',0,NULL,'PENDING',12,12,2),
	 (3,'서비스 이용약관 내용','2020-09-29 21:50:26.0','1.1.1.1','2020-09-29 21:50:26.0','1.1.1.1',1,'2020-09-29 21:50:26.0','PUBLISHED',12,12,1),
	 (4,'개인정보 동의 내용','2020-09-29 21:50:26.0','1.1.1.1','2020-09-29 21:50:26.0','1.1.1.1',1,'2020-09-29 21:50:26.0','PUBLISHED',12,12,2),
	 (5,'3자 어쩌구 저쩌구 정보 제공 하겠음','2020-09-29 21:50:26.0','1.1.1.1','2020-09-29 21:50:26.0','1.1.1.1',1,'2020-09-29 21:50:26.0','PUBLISHED',12,12,3);
INSERT INTO base_node_test.TB_TERM_CTGRY (TERM_CTGRY_ID,REG_DT,REG_IP,DISPLAY_METHOD,CHG_DT,CHG_IP,REQUIRED_YN,STATUS,TERM_CTGRY_ORDER,TITLE,USER_REQUIRED_YN,REG_ID,CHG_ID) VALUES
	 (1,'2020-09-29 21:50:26.0','1.1.1.1','PAGE','2020-09-29 21:50:26.0','1.1.1.1',1,'OPEN',100000,'서비스 이용약관 동의',1,12,12),
	 (2,'2020-09-29 21:50:26.0','1.1.1.1','NEW_WINDOW','2020-09-29 21:50:26.0','1.1.1.1',1,'OPEN',100000,'개인정보 처리방침 동의',1,12,12),
	 (3,'2020-09-29 21:50:26.0','1.1.1.1','NEW_WINDOW','2020-09-29 21:50:26.0','1.1.1.1',0,'OPEN',100000,'제 3자동의 어쩌구저쩌구',0,12,12);
INSERT INTO base_node_test.TB_USER (USER_ID,ADDRESS1,ADDRESS2,BIRTHDAY,REG_DT,REG_IP,EMAIL,FACEBOOK_CODE,GITHUB_CODE,GOOGLE_CODE,USER_IMAGE,KAKAO_CODE,LOGIN_DT,LOGIN_ID,CHG_DT,USER_NAME,NAVER_CODE,USER_NICK,PASSWD,PASSWD_CHG_DT,PASSWD_FAIL_CNT,PHONE,POST_CODE,USER_STATUS,ROLE_ID) VALUES
	 (1,'서울특별시 강동구','1qRvZBpGrX5KuTUrXVCAQYSqaNa/eEOxyzKp8hfFXT0=','m/tSOobNyLEkA0LLu4nYfg==','2020-09-29 21:50:07.0','1.1.1.1','/F2xmnLd0jOSiJj7kxTqFw==',NULL,NULL,NULL,NULL,NULL,NULL,'siteadmin','2020-09-29 21:50:09.0','6nJv2C2Ht5/wLKYaMjnLTA==',NULL,'슈퍼관리자닉네임','$2b$10$YBiX9mVN8p8DYL0k.7PsTeYudxsB3a9bC.Y2/sAS0LV2ZjDAdbJF.',NULL,0,'z2PYOXH1tpcdrI4+hLIf6Q==',NULL,'A',1),
	 (2,'서울특별시 강동구','1qRvZBpGrX5KuTUrXVCAQYSqaNa/eEOxyzKp8hfFXT0=','m/tSOobNyLEkA0LLu4nYfg==','2020-09-29 21:50:07.0','1.1.1.1','MOnDNnsdKglzgaHOtmbBjw==',NULL,NULL,NULL,NULL,NULL,'2020-09-29 21:52:38.0','user0','2020-09-29 21:50:07.0','q0t/BJR45RjOrbhAeRjavQ==',NULL,'닉네임0','$2b$10$YBiX9mVN8p8DYL0k.7PsTeYudxsB3a9bC.Y2/sAS0LV2ZjDAdbJF.',NULL,0,'im/WWs2aiTy8dAyP9y2Y3w==',NULL,'A',3),
	 (3,'서울특별시 강동구','1qRvZBpGrX5KuTUrXVCAQYSqaNa/eEOxyzKp8hfFXT0=','m/tSOobNyLEkA0LLu4nYfg==','2020-09-29 21:50:07.0','1.1.1.1','ZnsEEEKTVpj1tPcvPqeOUg==',NULL,NULL,NULL,NULL,NULL,'2020-09-29 21:52:38.0','user1','2020-09-29 21:50:07.0','W8PK5AEx3CYYS7jNsfjm1Q==',NULL,'닉네임1','$2b$10$YBiX9mVN8p8DYL0k.7PsTeYudxsB3a9bC.Y2/sAS0LV2ZjDAdbJF.',NULL,1,'R5hB2IvJ89WzvnwzbukxoA==',NULL,'A',3),
	 (4,'서울특별시 강동구','1qRvZBpGrX5KuTUrXVCAQYSqaNa/eEOxyzKp8hfFXT0=','m/tSOobNyLEkA0LLu4nYfg==','2020-09-29 21:50:07.0','1.1.1.1','Cs9fU8zeX895ahBU6cKLZQ==',NULL,NULL,NULL,NULL,NULL,NULL,'user2','2020-09-29 21:50:07.0','+IIM7BY1ghw8qi9qNptMNQ==',NULL,'닉네임2','$2b$10$YBiX9mVN8p8DYL0k.7PsTeYudxsB3a9bC.Y2/sAS0LV2ZjDAdbJF.',NULL,0,'2C2A0Ql0fA8oFWS85bTduw==',NULL,'A',3),
	 (5,'서울특별시 강동구','1qRvZBpGrX5KuTUrXVCAQYSqaNa/eEOxyzKp8hfFXT0=','m/tSOobNyLEkA0LLu4nYfg==','2020-09-29 21:50:08.0','1.1.1.1','Zjtd5scI5lbXDcbF0w05ig==',NULL,NULL,NULL,NULL,NULL,NULL,'user3','2020-09-29 21:50:08.0','t8jqVZ3gT35NIXCz/MPrmw==',NULL,'닉네임3','$2b$10$YBiX9mVN8p8DYL0k.7PsTeYudxsB3a9bC.Y2/sAS0LV2ZjDAdbJF.',NULL,0,'53kTqBj7KdMcMnTQtJaBHw==',NULL,'A',3),
	 (6,'서울특별시 강동구','1qRvZBpGrX5KuTUrXVCAQYSqaNa/eEOxyzKp8hfFXT0=','m/tSOobNyLEkA0LLu4nYfg==','2020-09-29 21:50:08.0','1.1.1.1','uGQVW5v//GujI8gdeKWM/w==',NULL,NULL,NULL,NULL,NULL,NULL,'user4','2020-09-29 21:50:08.0','ZE0pK8xMP+6vuXmFy/9Kxg==',NULL,'닉네임4','$2b$10$YBiX9mVN8p8DYL0k.7PsTeYudxsB3a9bC.Y2/sAS0LV2ZjDAdbJF.',NULL,0,'/7Kwj3aZ8rMvaRuy3Hqx4w==',NULL,'A',3),
	 (7,'서울특별시 강동구','1qRvZBpGrX5KuTUrXVCAQYSqaNa/eEOxyzKp8hfFXT0=','m/tSOobNyLEkA0LLu4nYfg==','2020-09-29 21:50:08.0','1.1.1.1','3KFWXKA12NqPh7NZn7KIYw==',NULL,NULL,NULL,NULL,NULL,NULL,'user5','2020-09-29 21:50:08.0','X4mTjG2eVRKj3NXHnQwf7w==',NULL,'닉네임5','$2b$10$YBiX9mVN8p8DYL0k.7PsTeYudxsB3a9bC.Y2/sAS0LV2ZjDAdbJF.',NULL,0,'5fqB2+BrfGZw8uR5toy9MQ==',NULL,'A',3),
	 (8,'서울특별시 강동구','1qRvZBpGrX5KuTUrXVCAQYSqaNa/eEOxyzKp8hfFXT0=','m/tSOobNyLEkA0LLu4nYfg==','2020-09-29 21:50:08.0','1.1.1.1','FCTxkTFrApd7J+my22FajA==',NULL,NULL,NULL,NULL,NULL,NULL,'user6','2020-09-29 21:50:08.0','tnD5W/uQjV0n5PC8N0iAvA==',NULL,'닉네임6','$2b$10$YBiX9mVN8p8DYL0k.7PsTeYudxsB3a9bC.Y2/sAS0LV2ZjDAdbJF.',NULL,0,'ZdPH8XHz+WEKLE2BXhkXiw==',NULL,'A',3),
	 (9,'서울특별시 강동구','1qRvZBpGrX5KuTUrXVCAQYSqaNa/eEOxyzKp8hfFXT0=','m/tSOobNyLEkA0LLu4nYfg==','2020-09-29 21:50:08.0','1.1.1.1','rFeWG1floRY7BozTaHBHVg==',NULL,NULL,NULL,NULL,NULL,NULL,'user7','2020-09-29 21:50:08.0','8l0yebrHnvdUbrsjA5CUdg==',NULL,'닉네임7','$2b$10$YBiX9mVN8p8DYL0k.7PsTeYudxsB3a9bC.Y2/sAS0LV2ZjDAdbJF.',NULL,0,'Vf95loZL0YAXMYS4O1WHCg==',NULL,'A',3),
	 (10,'서울특별시 강동구','1qRvZBpGrX5KuTUrXVCAQYSqaNa/eEOxyzKp8hfFXT0=','m/tSOobNyLEkA0LLu4nYfg==','2020-09-29 21:50:08.0','1.1.1.1','Qv9mLkkbUSfRB4o/2oh0oQ==',NULL,NULL,NULL,NULL,NULL,NULL,'user8','2020-09-29 21:50:08.0','PN1eIjsbYRAwd39UE/4HoQ==',NULL,'닉네임8','$2b$10$YBiX9mVN8p8DYL0k.7PsTeYudxsB3a9bC.Y2/sAS0LV2ZjDAdbJF.',NULL,0,'MErpR4lflrUT2E66OrTZGw==',NULL,'A',3),
	 (11,'서울특별시 강동구','1qRvZBpGrX5KuTUrXVCAQYSqaNa/eEOxyzKp8hfFXT0=','m/tSOobNyLEkA0LLu4nYfg==','2020-09-29 21:50:09.0','1.1.1.1','7bme7XeJRIvi36lAjJonng==',NULL,NULL,NULL,NULL,NULL,NULL,'user9','2020-09-29 21:50:09.0','BPf8sShBs6Zw9IuSfgnvew==',NULL,'닉네임9','$2b$10$YBiX9mVN8p8DYL0k.7PsTeYudxsB3a9bC.Y2/sAS0LV2ZjDAdbJF.',NULL,0,'on4JuA+21hlnP3SiJAdFjA==',NULL,'A',3),
	 (12,'서울특별시 강동구','1qRvZBpGrX5KuTUrXVCAQYSqaNa/eEOxyzKp8hfFXT0=','m/tSOobNyLEkA0LLu4nYfg==','2020-09-29 21:50:09.0','1.1.1.1','RmA9BuMwzSCDxQx5Ye00HibuClM2klPLVhZDoFffLR0=',NULL,NULL,NULL,NULL,NULL,NULL,'admin','2020-09-29 21:50:09.0','v/khW/YK8p/H+uR12fLuRQ==',NULL,'관리자','$2b$10$YBiX9mVN8p8DYL0k.7PsTeYudxsB3a9bC.Y2/sAS0LV2ZjDAdbJF.',NULL,0,'iUcYacutKtX/3hwkDqSKxg==',NULL,'A',2),
	 (13,NULL,NULL,NULL,'2010-01-01 00:00:00.0','1.1.1.1',NULL,NULL,NULL,NULL,NULL,NULL,'2019-09-30 00:00:00.0','sleepuser0','2010-01-01 00:00:00.0','yur3o8VfNhp8jNS0xZkK5g==',NULL,'휴면닉0',NULL,NULL,NULL,'5ChrhcqGFjvydC9x00YsZA==',NULL,'A',NULL),
	 (14,NULL,NULL,NULL,'2010-01-01 00:00:00.0','1.1.1.1',NULL,NULL,NULL,NULL,NULL,NULL,'2019-09-29 00:00:00.0','sleepuser1','2010-01-01 00:00:00.0','2pSVda7OEtr62W11Wl/WZQ==',NULL,'휴면닉1',NULL,NULL,NULL,'CltHc1vXNTFBsX0tFPcXYw==',NULL,'A',NULL),
	 (15,NULL,NULL,'',NULL,NULL,NULL,NULL,NULL,NULL,NULL,NULL,NULL,NULL,'2020-09-29 21:52:42.0','BMcjYeScYPZYe9WRsnr+Eg==',NULL,'휴면닉2',NULL,NULL,0,NULL,NULL,'D',NULL),
	 (16,NULL,NULL,'',NULL,NULL,NULL,NULL,NULL,NULL,NULL,NULL,NULL,NULL,'2020-09-29 21:52:42.0','oE9Fq+aKUeFgVQDla3DXYQ==',NULL,'휴면닉3',NULL,NULL,0,NULL,NULL,'D',NULL),
	 (17,NULL,NULL,'',NULL,NULL,NULL,NULL,NULL,NULL,NULL,NULL,NULL,NULL,'2020-09-29 21:52:42.0','0M29aOQuioyvWIqUXn9zRw==',NULL,'휴면닉4',NULL,NULL,0,NULL,NULL,'D',NULL),
	 (18,NULL,NULL,'',NULL,NULL,NULL,NULL,NULL,NULL,NULL,NULL,NULL,NULL,'2020-09-29 21:52:42.0','waTqoe0S9Glogcg9uUlQ8w==',NULL,'휴면닉5',NULL,NULL,0,NULL,NULL,'D',NULL),
	 (19,NULL,NULL,NULL,'2010-01-01 00:00:00.0','1.1.1.1','yez7zR0s3R975veHiU1e5BFzEcewOe7sGcp1kcbXjE4=',NULL,NULL,NULL,NULL,NULL,'2019-11-11 00:00:00.0',NULL,'2010-01-01 00:00:00.0',NULL,NULL,NULL,NULL,NULL,NULL,'im/WWs2aiTy8dAyP9y2Y3w==',NULL,'A',NULL),
	 (20,NULL,NULL,NULL,'2010-01-01 00:00:00.0','1.1.1.1','7jKYLoHoTUZIujs2GKWRNaSU13oVpDH2nVGScI6r2+A=',NULL,NULL,NULL,NULL,NULL,'2019-11-10 00:00:00.0',NULL,'2010-01-01 00:00:00.0',NULL,NULL,NULL,NULL,NULL,NULL,'R5hB2IvJ89WzvnwzbukxoA==',NULL,'A',NULL),
	 (21,NULL,NULL,NULL,'2010-01-01 00:00:00.0','1.1.1.1','Utzei5mFrM9jqGu73aPJnRIAsbhMyD3MwELZjpsgWGI=',NULL,NULL,NULL,NULL,NULL,'2019-11-09 00:00:00.0',NULL,'2010-01-01 00:00:00.0',NULL,NULL,NULL,NULL,NULL,NULL,'2C2A0Ql0fA8oFWS85bTduw==',NULL,'A',NULL),
	 (22,NULL,NULL,NULL,'2010-01-01 00:00:00.0','1.1.1.1','fA7/fyuBzHqt3ledwN11Xyv6PZns8U0it7himNXgJT4=',NULL,NULL,NULL,NULL,NULL,'2019-11-08 00:00:00.0',NULL,'2010-01-01 00:00:00.0',NULL,NULL,NULL,NULL,NULL,NULL,'53kTqBj7KdMcMnTQtJaBHw==',NULL,'A',NULL),
	 (23,NULL,NULL,NULL,'2010-01-01 00:00:00.0','1.1.1.1','HWrCsBJsFOV+1/XYFkTchzYYpuuT7/vt9ix+brzyrDY=',NULL,NULL,NULL,NULL,NULL,'2019-11-07 00:00:00.0',NULL,'2010-01-01 00:00:00.0',NULL,NULL,NULL,NULL,NULL,NULL,'/7Kwj3aZ8rMvaRuy3Hqx4w==',NULL,'A',NULL),
	 (24,NULL,NULL,NULL,'2010-01-01 00:00:00.0','1.1.1.1','464Djl7uPOWQNI5Uf/gALmKC8LtDevlHPvsxyM0I1to=',NULL,NULL,NULL,NULL,NULL,'2019-11-06 00:00:00.0',NULL,'2010-01-01 00:00:00.0',NULL,NULL,NULL,NULL,NULL,NULL,'5fqB2+BrfGZw8uR5toy9MQ==',NULL,'A',NULL),
	 (25,NULL,NULL,NULL,NULL,NULL,NULL,NULL,NULL,NULL,NULL,NULL,NULL,NULL,NULL,NULL,NULL,NULL,NULL,NULL,NULL,NULL,NULL,'D',NULL),
	 (26,NULL,NULL,NULL,NULL,NULL,NULL,NULL,NULL,NULL,NULL,NULL,NULL,NULL,NULL,NULL,NULL,NULL,NULL,NULL,NULL,NULL,NULL,'W',NULL);
INSERT INTO base_node_test.TB_USER_DEACTIVATE (USER_ID,ADDRESS1,ADDRESS2,BIRTHDAY,REG_DT,REG_IP,EMAIL,FACEBOOK_CODE,GITHUB_CODE,GOOGLE_CODE,USER_IMAGE,KAKAO_CODE,LOGIN_DT,LOGIN_ID,CHG_DT,USER_NAME,NAVER_CODE,USER_NICK,PASSWD,PASSWD_CHG_DT,PASSWD_FAIL_CNT,PHONE,POST_CODE,USER_STATUS,DEACTIVATE_DT,ROLE_ID) VALUES
	 (15,NULL,NULL,'','2010-01-01 00:00:00.0','1.1.1.1',NULL,NULL,NULL,NULL,NULL,NULL,'2019-09-28 00:00:00.0','sleepuser2','2010-01-01 00:00:00.0','BMcjYeScYPZYe9WRsnr+Eg==',NULL,'휴면닉2',NULL,NULL,NULL,'sXmvq43MbENNVfNywulbWw==',NULL,NULL,'2020-09-29 00:00:00.0',NULL),
	 (16,NULL,NULL,'','2010-01-01 00:00:00.0','1.1.1.1',NULL,NULL,NULL,NULL,NULL,NULL,'2019-09-27 00:00:00.0','sleepuser3','2010-01-01 00:00:00.0','oE9Fq+aKUeFgVQDla3DXYQ==',NULL,'휴면닉3',NULL,NULL,NULL,'HSI/Oc29UbPTZ/uASvytwQ==',NULL,NULL,'2020-09-28 00:00:00.0',NULL),
	 (17,NULL,NULL,'','2010-01-01 00:00:00.0','1.1.1.1',NULL,NULL,NULL,NULL,NULL,NULL,'2019-09-26 00:00:00.0','sleepuser4','2010-01-01 00:00:00.0','0M29aOQuioyvWIqUXn9zRw==',NULL,'휴면닉4',NULL,NULL,NULL,'GrHCEdMZWAghGNI1ErOxAw==',NULL,NULL,'2020-09-27 00:00:00.0',NULL),
	 (18,NULL,NULL,'','2010-01-01 00:00:00.0','1.1.1.1',NULL,NULL,NULL,NULL,NULL,NULL,'2019-09-25 00:00:00.0','sleepuser5','2010-01-01 00:00:00.0','waTqoe0S9Glogcg9uUlQ8w==',NULL,'휴면닉5',NULL,NULL,NULL,'ckrsbOStEMTLiSyTjG+nHQ==',NULL,NULL,'2020-09-26 00:00:00.0',NULL),
	 (3001,NULL,NULL,NULL,'2010-01-01 00:00:00.0','1.1.1.1','+wM1UfqlL0Xc3UU/pjLLcw==',NULL,NULL,NULL,NULL,NULL,NULL,'destuser0','2010-01-01 00:00:00.0','SElf0b7Dx2OAe42N8FKh+pB5JT+MQqiSJQkFla07olE=',NULL,'파기대상닉0',NULL,NULL,NULL,'459tZeQJWpttQbSy8DwVbA==',NULL,'A','2019-09-30 00:00:00.0',NULL);
INSERT INTO base_node_test.TB_USER_DEACTI_NOTIF (NOTIF_ID,REG_DT,LOGIN_DT,REASON_ID,USER_ID) VALUES
	 (1,'2020-09-29 21:52:43.0','2019-11-09 00:00:00.0',7,21);
INSERT INTO base_node_test.TB_USER_DESTROY (USER_ID,REG_DT,DESTROY_TYPE) VALUES
	 (3002,'2020-09-29 21:52:43.0','2'),
	 (3003,'2020-09-29 21:52:43.0','2'),
	 (3004,'2020-09-29 21:52:43.0','2'),
	 (3005,'2020-09-29 21:52:43.0','2'),
	 (3006,'2020-09-29 21:52:43.0','2'),
	 (4004,'2020-09-29 21:52:43.0','1'),
	 (4005,'2020-09-29 21:52:43.0','1'),
	 (4006,'2020-09-29 21:52:43.0','1');
INSERT INTO base_node_test.TB_USER_LOGIN_LOG (LOGIN_LOG_ID,REG_DT,REG_IP,LOGIN_LOG_TYPE,LOGIN_ID,USER_ID) VALUES
	 (3,'2019-10-01 00:00:00.0','1.1.1.1','SUCCESS','user4',6),
	 (4,'2020-09-29 21:52:38.0','127.0.0.1','SUCCESS','user1',3),
	 (5,'2020-09-29 21:52:38.0','127.0.0.1','SUCCESS','admin',2),
	 (6,'2020-09-29 21:52:40.0','127.0.0.1','FAIL','user1',NULL),
	 (7,'2020-09-29 21:52:41.0','127.0.0.1','FAIL','wrong_id',NULL);
INSERT INTO base_node_test.TB_USER_ROLE (ROLE_ID,REG_DT,REG_IP,CHG_DT,CHG_IP,ROLE_NAME,ROLE_GROUP) VALUES
	 (1,'2019-10-06 21:05:53.0','1.1.1.1','2019-10-06 21:05:53.0','1.1.1.1','슈퍼_관리자','SUPER_ADMIN'),
	 (2,'2019-10-06 21:05:53.0','1.1.1.1','2019-10-06 21:05:53.0','1.1.1.1','관리자','ADMIN'),
	 (3,'2019-10-06 21:05:53.0','1.1.1.1','2019-10-06 21:05:53.0','1.1.1.1','일반','USER');
INSERT INTO base_node_test.TB_USER_WITHDRAWAL (USER_ID,ADDRESS1,ADDRESS2,BIRTHDAY,REG_DT,REG_IP,EMAIL,FACEBOOK_CODE,GITHUB_CODE,GOOGLE_CODE,USER_IMAGE,KAKAO_CODE,LOGIN_DT,LOGIN_ID,CHG_DT,USER_NAME,NAVER_CODE,USER_NICK,PASSWD,PASSWD_CHG_DT,PASSWD_FAIL_CNT,PHONE,POST_CODE,USER_STATUS,WITHDRAWAL_DT,WITHDRAWAL_REASON,WITHDRAWAL_TYPE,ROLE_ID) VALUES
	 (25,NULL,NULL,NULL,NULL,NULL,NULL,NULL,NULL,NULL,NULL,NULL,NULL,NULL,NULL,NULL,NULL,NULL,NULL,NULL,NULL,NULL,NULL,'W','2020-09-28 00:00:00.0',NULL,'1',NULL),
	 (4001,NULL,NULL,NULL,'2010-01-01 00:00:00.0','1.1.1.1',NULL,NULL,NULL,NULL,NULL,NULL,NULL,NULL,'2010-01-01 00:00:00.0',NULL,NULL,NULL,NULL,NULL,NULL,NULL,NULL,'A','2020-09-01 00:00:00.0',NULL,NULL,NULL),
	 (4002,NULL,NULL,NULL,'2010-01-01 00:00:00.0','1.1.1.1',NULL,NULL,NULL,NULL,NULL,NULL,NULL,NULL,'2010-01-01 00:00:00.0',NULL,NULL,NULL,NULL,NULL,NULL,NULL,NULL,'A','2020-08-31 00:00:00.0',NULL,NULL,NULL),
	 (4003,NULL,NULL,NULL,'2010-01-01 00:00:00.0','1.1.1.1',NULL,NULL,NULL,NULL,NULL,NULL,NULL,NULL,'2010-01-01 00:00:00.0',NULL,NULL,NULL,NULL,NULL,NULL,NULL,NULL,'A','2020-08-30 00:00:00.0',NULL,NULL,NULL);

SET FOREIGN_KEY_CHECKS=1;
